Workbook

Sheet SEMANA 01
C1: REPORTE ESTADÍSTICO SEMANAL SSOMA | J1: CÓDIGO: | K1: SG-SSOMA-03
J2: REVISIÓN: | K2: 03
J3: FECHA: | K3: 46119
J4: PÁGINA: | K4: 01/06
A6: Obra / Proyecto:
A7: Empresa:
A8: Mes - Año: | G8: Semana N°: | I8: 1
A9: Residente de Obra: | G9: Supervisor SSOMA:
A11: HORAS HOMBRE TRABAJADAS
A13: INFORMACIÓN HHT | D13: TURNO DIURNO
D14: Lunes | E14: Martes | F14: Miércoles | G14: Jueves | H14: Viernes | I14: Sábado | J14: Domingo | K14: TOTAL SEMANAL
F15: 46113 | G15: =F15+1 -> 46114 | H15: =G15+1 -> 46115 | I15: =H15+1 -> 46116 | J15: =I15+1 -> 46117
A16: 1 | B16: Cantidad de personal obrero RUAG | D16: 0 | E16: 0 | F16: 0 | G16: 0 | H16: 0 | I16: 0 | J16: 0 | K16: =AVERAGE(F16:J16) -> 0
A17: 2 | B17: Cantidad de personal obrero SUBCONTRATISTA | D17: 0 | E17: 0 | F17: 0 | G17: 0 | H17: 0 | I17: 0 | J17: 0 | K17: =AVERAGE(F17:J17) -> 0
A18: 3 | B18: Cantidad de personal de STAFF RUAG | D18: 0 | E18: 0 | F18: 0 | G18: 0 | H18: 0 | I18: 0 | J18: 0 | K18: =AVERAGE(F18:J18) -> 0
A19: 4 | B19: Cantidad de personal de STAFF SUBCONTRATISTA | D19: 0 | E19: 0 | F19: 0 | G19: 0 | H19: 0 | I19: 0 | J19: 0 | K19: =AVERAGE(F19:J19) -> 0
A20: TOTAL TRABAJADORES RUAG | D20: =D16+D18 -> 0 | E20: =E16+E18 -> 0 | F20: =F16+F18 -> 0 | G20: =G16+G18 -> 0 | H20: =H16+H18 -> 0 | I20: =I16+I18 -> 0 | J20: =J16+J18 -> 0 | K20: =K16+K18 -> 0
A21: TOTAL TRABAJADORES SUBCONTRATISTA | D21: =D17+D19 -> 0 | E21: =E17+E19 -> 0 | F21: =F17+F19 -> 0 | G21: =G17+G19 -> 0 | H21: =H17+H19 -> 0 | I21: =I17+I19 -> 0 | J21: =J17+J19 -> 0 | K21: =K17+K19 -> 0
A22: 5 | B22: Total HH personal Obrero RUAG | D22: =D16*8.5 -> 0 | E22: =E16*8.5 -> 0 | F22: =F16*8.5 -> 0 | G22: =G16*8.5 -> 0 | H22: =H16*8.5 -> 0 | I22: =I16*5.5 -> 0 | J22: =J16*5.5 -> 0 | K22: =SUM(F22:J22) -> 0
A23: 6 | B23: Total HH personal Obrero SUBCONTRATISTA | D23: =D17*8.5 -> 0 | E23: =E17*8.5 -> 0 | F23: =F17*8.5 -> 0 | G23: =G17*8.5 -> 0 | H23: =H17*8.5 -> 0 | I23: =I17*5.5 -> 0 | J23: =J17*5.5 -> 0 | K23: =SUM(F23:J23) -> 0
A24: 7 | B24: Total HH personal STAFF RUAG | D24: =D18*8.5 -> 0 | E24: =E18*8.5 -> 0 | F24: =F18*8.5 -> 0 | G24: =G18*8.5 -> 0 | H24: =H18*8.5 -> 0 | I24: =I18*5.5 -> 0 | J24: =J18*5.5 -> 0 | K24: =SUM(F24:J24) -> 0
A25: 8 | B25: Total HH personal STAFF SUBCONTRATISTA | D25: =D19*8.5 -> 0 | E25: =E19*8.5 -> 0 | F25: =F19*8.5 -> 0 | G25: =G19*8.5 -> 0 | H25: =H19*8.5 -> 0 | I25: =I19*5.5 -> 0 | J25: =J19*5.5 -> 0 | K25: =SUM(F25:J25) -> 0
A26: TOTAL HH PRODUCIDAS RUAG | D26: =D22+D24 -> 0 | E26: =E22+E24 -> 0 | F26: =F22+F24 -> 0 | G26: =G22+G24 -> 0 | H26: =H22+H24 -> 0 | I26: =I22+I24 -> 0 | J26: =J22+J24 -> 0 | K26: =K22+K24 -> 0
A27: TOTAL HH PRODUCIDAS SUBCONTRATISTA | D27: =D23+D25 -> 0 | E27: =E23+E25 -> 0 | F27: =F23+F25 -> 0 | G27: =G23+G25 -> 0 | H27: =H23+H25 -> 0 | I27: =I23+I25 -> 0 | J27: =J23+J25 -> 0 | K27: =K23+K25 -> 0
A28: INFORMACIÓN HHT | D28: TURNO NOCTURNO
D29: Lunes | E29: Martes | F29: Miércoles | G29: Jueves | H29: Viernes | I29: Sábado | J29: Domingo | K29: TOTAL SEMANAL
F30: =F15 -> 46113 | G30: =G15 -> 46114 | H30: =H15 -> 46115 | I30: =I15 -> 46116 | J30: =J15 -> 46117
A31: 9 | B31: Cantidad de personal obrero RUAG | D31: 0 | E31: 0 | F31: 0 | G31: 0 | H31: 0 | I31: 0 | J31: 0 | K31: =AVERAGE(F31:J31) -> 0
A32: 10 | B32: Cantidad de personal obrero SUBCONTRATISTA | D32: 0 | E32: 0 | F32: 0 | G32: 0 | H32: 0 | I32: 0 | J32: 0 | K32: =AVERAGE(F32:J32) -> 0
A33: 11 | B33: Cantidad de personal de STAFF RUAG | D33: 0 | E33: 0 | F33: 0 | G33: 0 | H33: 0 | I33: 0 | J33: 0 | K33: =AVERAGE(F33:J33) -> 0
A34: 12 | B34: Cantidad de personal de STAFF SUBCONTRATISTA | D34: 0 | E34: 0 | F34: 0 | G34: 0 | H34: 0 | I34: 0 | J34: 0 | K34: =AVERAGE(F34:J34) -> 0
A35: TOTAL TRABAJADORES RUAG | D35: =D31+D33 -> 0 | E35: =E31+E33 -> 0 | F35: =F31+F33 -> 0 | G35: =G31+G33 -> 0 | H35: =H31+H33 -> 0 | I35: =I31+I33 -> 0 | J35: =J31+J33 -> 0 | K35: =K31+K33 -> 0
A36: TOTAL TRABAJADORES SUBCONTRATISTA | D36: =D32+D34 -> 0 | E36: =E32+E34 -> 0 | F36: =F32+F34 -> 0 | G36: =G32+G34 -> 0 | H36: =H32+H34 -> 0 | I36: =I32+I34 -> 0 | J36: =J32+J34 -> 0 | K36: =K32+K34 -> 0
A37: 13 | B37: Total HH personal Obrero RUAG | D37: =D31*8.5 -> 0 | E37: =E31*8.5 -> 0 | F37: =F31*8.5 -> 0 | G37: =G31*8.5 -> 0 | H37: =H31*8.5 -> 0 | I37: =I31*5.5 -> 0 | J37: =J31*5.5 -> 0 | K37: =SUM(F37:J37) -> 0
A38: 14 | B38: Total HH personal Obrero SUBCONTRATISTA | D38: =D32*8.5 -> 0 | E38: =E32*8.5 -> 0 | F38: =F32*8.5 -> 0 | G38: =G32*8.5 -> 0 | H38: =H32*8.5 -> 0 | I38: =I32*5.5 -> 0 | J38: =J32*5.5 -> 0 | K38: =SUM(F38:J38) -> 0
A39: 15 | B39: Total HH personal STAFF RUAG | D39: =D33*8.5 -> 0 | E39: =E33*8.5 -> 0 | F39: =F33*8.5 -> 0 | G39: =G33*8.5 -> 0 | H39: =H33*8.5 -> 0 | I39: =I33*5.5 -> 0 | J39: =J33*5.5 -> 0 | K39: =SUM(F39:J39) -> 0
A40: 16 | B40: Total HH personal STAFF SUBCONTRATISTA | D40: =D34*8.5 -> 0 | E40: =E34*8.5 -> 0 | F40: =F34*8.5 -> 0 | G40: =G34*8.5 -> 0 | H40: =H34*8.5 -> 0 | I40: =I34*5.5 -> 0 | J40: =J34*5.5 -> 0 | K40: =SUM(F40:J40) -> 0
A41: TOTAL HH PRODUCIDAS RUAG | D41: =D37+D39 -> 0 | E41: =E37+E39 -> 0 | F41: =F37+F39 -> 0 | G41: =G37+G39 -> 0 | H41: =H37+H39 -> 0 | I41: =I37+I39 -> 0 | J41: =J37+J39 -> 0 | K41: =K37+K39 -> 0
A42: TOTAL HH PRODUCIDAS SUBCONTRATISTA | D42: =D38+D40 -> 0 | E42: =E38+E40 -> 0 | F42: =F38+F40 -> 0 | G42: =G38+G40 -> 0 | H42: =H38+H40 -> 0 | I42: =I38+I40 -> 0 | J42: =J38+J40 -> 0 | K42: =K38+K40 -> 0
A43: INFORMACIÓN HHT | D43: HORARIO EXTENDIDO
D44: Lunes | E44: Martes | F44: Miércoles | G44: Jueves | H44: Viernes | I44: Sábado | J44: Domingo | K44: TOTAL SEMANAL
F45: =F30 -> 46113 | G45: =G30 -> 46114 | H45: =H30 -> 46115 | I45: =I30 -> 46116 | J45: =J30 -> 46117
A46: 17 | B46: Cantidad de personal obrero RUAG | D46: 0 | E46: 0 | F46: 0 | G46: 0 | H46: 0 | I46: 0 | J46: 0 | K46: =AVERAGE(F46:J46) -> 0
A47: 18 | B47: Cantidad de personal obrero SUBCONTRATISTA | D47: 0 | E47: 0 | F47: 0 | G47: 0 | H47: 0 | I47: 0 | J47: 0 | K47: =AVERAGE(F47:J47) -> 0
A48: 19 | B48: Cantidad de personal de STAFF RUAG | D48: 0 | E48: 0 | F48: 0 | G48: 0 | H48: 0 | I48: 0 | J48: 0 | K48: =AVERAGE(F48:J48) -> 0
A49: 20 | B49: Cantidad de personal de STAFF SUBCONTRATISTA | D49: 0 | E49: 0 | F49: 0 | G49: 0 | H49: 0 | I49: 0 | J49: 0 | K49: =AVERAGE(F49:J49) -> 0
A50: TOTAL TRABAJADORES RUAG | D50: =D46+D48 -> 0 | E50: =E46+E48 -> 0 | F50: =F46+F48 -> 0 | G50: =G46+G48 -> 0 | H50: =H46+H48 -> 0 | I50: =I46+I48 -> 0 | J50: =J46+J48 -> 0 | K50: =K46+K48 -> 0
A51: TOTAL TRABAJADORES SUBCONTRATISTA | D51: =D47+D49 -> 0 | E51: =E47+E49 -> 0 | F51: =F47+F49 -> 0 | G51: =G47+G49 -> 0 | H51: =H47+H49 -> 0 | I51: =I47+I49 -> 0 | J51: =J47+J49 -> 0 | K51: =K47+K49 -> 0
A52: 21 | B52: Total HH personal Obrero RUAG | D52: =D46*8.5 -> 0 | E52: =E46*8.5 -> 0 | F52: =F46*8.5 -> 0 | G52: =G46*8.5 -> 0 | H52: =H46*8.5 -> 0 | I52: =I46*5.5 -> 0 | J52: =J46*5.5 -> 0 | K52: =SUM(F52:J52) -> 0
A53: 22 | B53: Total HH personal Obrero SUBCONTRATISTA | D53: =D47*8.5 -> 0 | E53: =E47*8.5 -> 0 | F53: =F47*8.5 -> 0 | G53: =G47*8.5 -> 0 | H53: =H47*8.5 -> 0 | I53: =I47*5.5 -> 0 | J53: =J47*5.5 -> 0 | K53: =SUM(F53:J53) -> 0
A54: 23 | B54: Total HH personal STAFF RUAG | D54: =D48*8.5 -> 0 | E54: =E48*8.5 -> 0 | F54: =F48*8.5 -> 0 | G54: =G48*8.5 -> 0 | H54: =H48*8.5 -> 0 | I54: =I48*5.5 -> 0 | J54: =J48*5.5 -> 0 | K54: =SUM(F54:J54) -> 0
A55: 24 | B55: Total HH personal STAFF SUBCONTRATISTA | D55: =D49*8.5 -> 0 | E55: =E49*8.5 -> 0 | F55: =F49*8.5 -> 0 | G55: =G49*8.5 -> 0 | H55: =H49*8.5 -> 0 | I55: =I49*5.5 -> 0 | J55: =J49*5.5 -> 0 | K55: =SUM(F55:J55) -> 0
A56: TOTAL HH PRODUCIDAS RUAG | D56: =D52+D54 -> 0 | E56: =E52+E54 -> 0 | F56: =F52+F54 -> 0 | G56: =G52+G54 -> 0 | H56: =H52+H54 -> 0 | I56: =I52+I54 -> 0 | J56: =J52+J54 -> 0 | K56: =K52+K54 -> 0
A57: TOTAL HH PRODUCIDAS SUBCONTRATISTA | D57: =D53+D55 -> 0 | E57: =E53+E55 -> 0 | F57: =F53+F55 -> 0 | G57: =G53+G55 -> 0 | H57: =H53+H55 -> 0 | I57: =I53+I55 -> 0 | J57: =J53+J55 -> 0 | K57: =K53+K55 -> 0
A58: INFORMACIÓN HHT | D58: RESUMEN
D59: Lunes | E59: Martes | F59: Miércoles | G59: Jueves | H59: Viernes | I59: Sábado | J59: Domingo | K59: TOTAL SEMANAL
F60: =F45 -> 46113 | G60: =G45 -> 46114 | H60: =H45 -> 46115 | I60: =I45 -> 46116 | J60: =J45 -> 46117
A61: 25 | B61: Cantidad de personal obrero RUAG | D61: 0 | E61: 0 | F61: =F16+F31 -> 0 | G61: =G16+G31 -> 0 | H61: =H16+H31 -> 0 | I61: =I16+I31 -> 0 | J61: =J16+J31+J46 -> 0 | K61: =AVERAGE(F61:J61) -> 0
A62: 26 | B62: Cantidad de personal obrero SUBCONTRATISTA | D62: 0 | E62: 0 | F62: =F17+F32 -> 0 | G62: =G17+G32 -> 0 | H62: =H17+H32 -> 0 | I62: =I17+I32 -> 0 | J62: =J17+J32+J47 -> 0 | K62: =AVERAGE(F62:J62) -> 0
A63: 27 | B63: Cantidad de personal de STAFF RUAG | D63: 0 | E63: 0 | F63: =F18+F33 -> 0 | G63: =G18+G33 -> 0 | H63: =H18+H33 -> 0 | I63: =I18+I33 -> 0 | J63: =J18+J33+J48 -> 0 | K63: =AVERAGE(F63:J63) -> 0
A64: 28 | B64: Cantidad de personal de STAFF SUBCONTRATISTA | D64: 0 | E64: 0 | F64: =F19+F34 -> 0 | G64: =G19+G34 -> 0 | H64: =H19+H34 -> 0 | I64: =I19+I34 -> 0 | J64: =J19+J34+J49 -> 0 | K64: =AVERAGE(F64:J64) -> 0
A65: TOTAL TRABAJADORES RUAG | D65: =D61+D63 -> 0 | E65: =E61+E63 -> 0 | F65: =F61+F63 -> 0 | G65: =G61+G63 -> 0 | H65: =H61+H63 -> 0 | I65: =I61+I63 -> 0 | J65: =J61+J63 -> 0 | K65: =K61+K63 -> 0
A66: TOTAL TRABAJADORES SUBCONTRATISTA | D66: =D62+D64 -> 0 | E66: =E62+E64 -> 0 | F66: =F62+F64 -> 0 | G66: =G62+G64 -> 0 | H66: =H62+H64 -> 0 | I66: =I62+I64 -> 0 | J66: =J62+J64 -> 0 | K66: =K62+K64 -> 0
A67: 29 | B67: Total HH personal Obrero RUAG | D67: =D61*8.5 -> 0 | E67: =E61*8.5 -> 0 | F67: =F22+F37+F52 -> 0 | G67: =G22+G37+G52 -> 0 | H67: =H22+H37+H52 -> 0 | I67: =I22+I37+I52 -> 0 | J67: =J22+J37+J52 -> 0 | K67: =SUM(D67:J67) -> 0
A68: 30 | B68: Total HH personal Obrero SUBCONTRATISTA | D68: =D62*8.5 -> 0 | E68: =E62*8.5 -> 0 | F68: =F23+F38+F53 -> 0 | G68: =G23+G38+G53 -> 0 | H68: =H23+H38+H53 -> 0 | I68: =I23+I38+I53 -> 0 | J68: =J23+J38+J53 -> 0 | K68: =SUM(D68:J68) -> 0
A69: 31 | B69: Total HH personal STAFF RUAG | D69: =D63*8.5 -> 0 | E69: =E63*8.5 -> 0 | F69: =F24+F39+F54 -> 0 | G69: =G24+G39+G54 -> 0 | H69: =H24+H39+H54 -> 0 | I69: =I24+I39+I54 -> 0 | J69: =J24+J39+J54 -> 0 | K69: =SUM(D69:J69) -> 0
A70: 32 | B70: Total HH personal STAFF SUBCONTRATISTA | D70: =D64*8.5 -> 0 | E70: =E64*8.5 -> 0 | F70: =F25+F40+F55 -> 0 | G70: =G25+G40+G55 -> 0 | H70: =H25+H40+H55 -> 0 | I70: =I25+I40+I55 -> 0 | J70: =J25+J40+J55 -> 0 | K70: =SUM(D70:J70) -> 0
A71: TOTAL HH PRODUCIDAS RUAG | D71: =D67+D69 -> 0 | E71: =E67+E69 -> 0 | F71: =F67+F69 -> 0 | G71: =G67+G69 -> 0 | H71: =H67+H69 -> 0 | I71: =I67+I69 -> 0 | J71: =J67+J69 -> 0 | K71: =K67+K69 -> 0
A72: TOTAL HH PRODUCIDAS SUBCONTRATISTA | D72: =D68+D70 -> 0 | E72: =E68+E70 -> 0 | F72: =F68+F70 -> 0 | G72: =G68+G70 -> 0 | H72: =H68+H70 -> 0 | I72: =I68+I70 -> 0 | J72: =J68+J70 -> 0 | K72: =K68+K70 -> 0
B78: CANTIDAD DE HORAS HOMBRE TRABAJADAS
B79: HORARIO DIURNO | C79: =K26+K27 -> 0
B80: HORARIO NOCTURNO | C80: =K41+K42 -> 0
B81: HORARIO EXTENDIDO | C81: =K56+K57 -> 0
B82: TOTAL | C82: =SUM(C79:C81) -> 0
A84: EMPRESAS SUBCONTRATISTAS | D84: CANTIDAD DE TRABAJADORES
D85: Lunes | E85: Martes | F85: Miércoles | G85: Jueves | H85: Viernes | I85: Sábado | J85: Domingo | K85: TOTAL SEMANAL
F86: =F60 -> 46113 | G86: =G60 -> 46114 | H86: =H60 -> 46115 | I86: =I60 -> 46116 | J86: =J60 -> 46117
A87: 1 | D87: 0 | E87: 0 | F87: 0 | G87: 0 | H87: 0 | I87: 0 | J87: 0 | K87: =AVERAGE(D87:J87) -> 0
A88: 2 | D88: 0 | E88: 0 | F88: 0 | G88: 0 | H88: 0 | I88: 0 | J88: 0 | K88: =AVERAGE(D88:J88) -> 0
A89: 3 | D89: 0 | E89: 0 | F89: 0 | G89: 0 | H89: 0 | I89: 0 | J89: 0 | K89: =AVERAGE(D89:J89) -> 0
A90: 4 | D90: 0 | E90: 0 | F90: 0 | G90: 0 | H90: 0 | I90: 0 | J90: 0 | K90: =AVERAGE(D90:J90) -> 0
A91: 5 | D91: 0 | E91: 0 | F91: 0 | G91: 0 | H91: 0 | I91: 0 | J91: 0 | K91: =AVERAGE(D91:J91) -> 0
A92: 6 | D92: 0 | E92: 0 | F92: 0 | G92: 0 | H92: 0 | I92: 0 | J92: 0 | K92: =AVERAGE(D92:J92) -> 0
A93: 7 | D93: 0 | E93: 0 | F93: 0 | G93: 0 | H93: 0 | I93: 0 | J93: 0 | K93: =AVERAGE(D93:J93) -> 0
A94: 8 | D94: 0 | E94: 0 | F94: 0 | G94: 0 | H94: 0 | I94: 0 | J94: 0 | K94: =AVERAGE(D94:J94) -> 0
A95: TOTAL TRABAJADORES | D95: =SUM(D87:D94) -> 0 | E95: =SUM(E87:E94) -> 0 | F95: =SUM(F87:F94) -> 0 | G95: =SUM(G87:G94) -> 0 | H95: =SUM(H87:H94) -> 0 | I95: =SUM(I87:I94) -> 0 | J95: =SUM(J87:J94) -> 0 | K95: =SUM(K87:K94) -> 0
A97: CAPACITACIÓN
A99: INFORMACION DE CAPACITACION SSOMA
A100: Fecha | C100: Tipo de capacitación | D100: Tema | G100: Asistentes RUAG | H100: Asistentes SUBCONT | I100: Horas | J100: HHC RUAG | K100: HHC SUBCONT
J101: =G101*I101 -> 0 | K101: =H101*I101 -> 0 | N101: Charla diaria
J102: =G102*I102 -> 0 | K102: =H102*I102 -> 0 | N102: Charla semanal
J103: =G103*I103 -> 0 | K103: =H103*I103 -> 0 | N103: Capacitación específica
J104: =G104*I104 -> 0 | K104: =H104*I104 -> 0 | N104: Inducción
J105: =G105*I105 -> 0 | K105: =H105*I105 -> 0
J106: =G106*I106 -> 0 | K106: =H106*I106 -> 0
J107: =G107*I107 -> 0 | K107: =H107*I107 -> 0
J108: =G108*I108 -> 0 | K108: =H108*I108 -> 0
J109: =G109*I109 -> 0 | K109: =H109*I109 -> 0
J110: =G110*I110 -> 0 | K110: =H110*I110 -> 0
J111: =G111*I111 -> 0 | K111: =H111*I111 -> 0
...

Sheet SEMANA 02
C1: REPORTE ESTADÍSTICO SEMANAL SSOMA | J1: CÓDIGO: | K1: SG-SSOMA-03
J2: REVISIÓN: | K2: 03
J3: FECHA: | K3: 46119
J4: PÁGINA: | K4: 01/06
A6: Obra / Proyecto:
A7: Empresa:
A8: Mes - Año: | G8: Semana N°: | I8: 2
A9: Residente de Obra: | G9: Supervisor SSOMA:
A11: HORAS HOMBRE TRABAJADAS
A13: INFORMACIÓN HHT | D13: TURNO DIURNO
D14: Lunes | E14: Martes | F14: Miércoles | G14: Jueves | H14: Viernes | I14: Sábado | J14: Domingo | K14: TOTAL SEMANAL
D15: ='SEMANA 01'!J15+1 -> 46118 | E15: =D15+1 -> 46119 | F15: =E15+1 -> 46120 | G15: =F15+1 -> 46121 | H15: =G15+1 -> 46122 | I15: =H15+1 -> 46123 | J15: =I15+1 -> 46124
A16: 1 | B16: Cantidad de personal obrero RUAG | D16: 0 | E16: 0 | F16: 0 | G16: 0 | H16: 0 | I16: 0 | J16: 0 | K16: =AVERAGE(D16:J16) -> 0
A17: 2 | B17: Cantidad de personal obrero SUBCONTRATISTA | D17: 0 | E17: 0 | F17: 0 | G17: 0 | H17: 0 | I17: 0 | J17: 0 | K17: =AVERAGE(D17:J17) -> 0
A18: 3 | B18: Cantidad de personal de STAFF RUAG | D18: 0 | E18: 0 | F18: 0 | G18: 0 | H18: 0 | I18: 0 | J18: 0 | K18: =AVERAGE(D18:J18) -> 0
A19: 4 | B19: Cantidad de personal de STAFF SUBCONTRATISTA | D19: 0 | E19: 0 | F19: 0 | G19: 0 | H19: 0 | I19: 0 | J19: 0 | K19: =AVERAGE(D19:J19) -> 0
A20: TOTAL TRABAJADORES RUAG | D20: =D16+D18 -> 0 | E20: =E16+E18 -> 0 | F20: =F16+F18 -> 0 | G20: =G16+G18 -> 0 | H20: =H16+H18 -> 0 | I20: =I16+I18 -> 0 | J20: =J16+J18 -> 0 | K20: =K16+K18 -> 0
A21: TOTAL TRABAJADORES SUBCONTRATISTA | D21: =D17+D19 -> 0 | E21: =E17+E19 -> 0 | F21: =F17+F19 -> 0 | G21: =G17+G19 -> 0 | H21: =H17+H19 -> 0 | I21: =I17+I19 -> 0 | J21: =J17+J19 -> 0 | K21: =K17+K19 -> 0
A22: 5 | B22: Total HH personal Obrero RUAG | D22: =D16*8.5 -> 0 | E22: =E16*8.5 -> 0 | F22: =F16*8.5 -> 0 | G22: =G16*8.5 -> 0 | H22: =H16*8.5 -> 0 | I22: =I16*5.5 -> 0 | J22: =J16*5.5 -> 0 | K22: =SUM(D22:J22) -> 0
A23: 6 | B23: Total HH personal Obrero SUBCONTRATISTA | D23: =D17*8.5 -> 0 | E23: =E17*8.5 -> 0 | F23: =F17*8.5 -> 0 | G23: =G17*8.5 -> 0 | H23: =H17*8.5 -> 0 | I23: =I17*5.5 -> 0 | J23: =J17*5.5 -> 0 | K23: =SUM(D23:J23) -> 0
A24: 7 | B24: Total HH personal STAFF RUAG | D24: =D18*8.5 -> 0 | E24: =E18*8.5 -> 0 | F24: =F18*8.5 -> 0 | G24: =G18*8.5 -> 0 | H24: =H18*8.5 -> 0 | I24: =I18*5.5 -> 0 | J24: =J18*5.5 -> 0 | K24: =SUM(D24:J24) -> 0
A25: 8 | B25: Total HH personal STAFF SUBCONTRATISTA | D25: =D19*8.5 -> 0 | E25: =E19*8.5 -> 0 | F25: =F19*8.5 -> 0 | G25: =G19*8.5 -> 0 | H25: =H19*8.5 -> 0 | I25: =I19*5.5 -> 0 | J25: =J19*5.5 -> 0 | K25: =SUM(D25:J25) -> 0
A26: TOTAL HH PRODUCIDAS RUAG | D26: =D22+D24 -> 0 | E26: =E22+E24 -> 0 | F26: =F22+F24 -> 0 | G26: =G22+G24 -> 0 | H26: =H22+H24 -> 0 | I26: =I22+I24 -> 0 | J26: =J22+J24 -> 0 | K26: =K22+K24 -> 0
A27: TOTAL HH PRODUCIDAS SUBCONTRATISTA | D27: =D23+D25 -> 0 | E27: =E23+E25 -> 0 | F27: =F23+F25 -> 0 | G27: =G23+G25 -> 0 | H27: =H23+H25 -> 0 | I27: =I23+I25 -> 0 | J27: =J23+J25 -> 0 | K27: =K23+K25 -> 0
A28: INFORMACIÓN HHT | D28: TURNO NOCTURNO
D29: Lunes | E29: Martes | F29: Miércoles | G29: Jueves | H29: Viernes | I29: Sábado | J29: Domingo | K29: TOTAL SEMANAL
D30: =D15 -> 46118 | E30: =E15 -> 46119 | F30: =F15 -> 46120 | G30: =G15 -> 46121 | H30: =H15 -> 46122 | I30: =I15 -> 46123 | J30: =J15 -> 46124
A31: 9 | B31: Cantidad de personal obrero RUAG | D31: 0 | E31: 0 | F31: 0 | G31: 0 | H31: 0 | I31: 0 | J31: 0 | K31: =AVERAGE(D31:J31) -> 0
A32: 10 | B32: Cantidad de personal obrero SUBCONTRATISTA | D32: 0 | E32: 0 | F32: 0 | G32: 0 | H32: 0 | I32: 0 | J32: 0 | K32: =AVERAGE(D32:J32) -> 0
A33: 11 | B33: Cantidad de personal de STAFF RUAG | D33: 0 | E33: 0 | F33: 0 | G33: 0 | H33: 0 | I33: 0 | J33: 0 | K33: =AVERAGE(D33:J33) -> 0
A34: 12 | B34: Cantidad de personal de STAFF SUBCONTRATISTA | D34: 0 | E34: 0 | F34: 0 | G34: 0 | H34: 0 | I34: 0 | J34: 0 | K34: =AVERAGE(D34:J34) -> 0
A35: TOTAL TRABAJADORES RUAG | D35: =D31+D33 -> 0 | E35: =E31+E33 -> 0 | F35: =F31+F33 -> 0 | G35: =G31+G33 -> 0 | H35: =H31+H33 -> 0 | I35: =I31+I33 -> 0 | J35: =J31+J33 -> 0 | K35: =K31+K33 -> 0
A36: TOTAL TRABAJADORES SUBCONTRATISTA | D36: =D32+D34 -> 0 | E36: =E32+E34 -> 0 | F36: =F32+F34 -> 0 | G36: =G32+G34 -> 0 | H36: =H32+H34 -> 0 | I36: =I32+I34 -> 0 | J36: =J32+J34 -> 0 | K36: =K32+K34 -> 0
A37: 13 | B37: Total HH personal Obrero RUAG | D37: =D31*8.5 -> 0 | E37: =E31*8.5 -> 0 | F37: =F31*8.5 -> 0 | G37: =G31*8.5 -> 0 | H37: =H31*8.5 -> 0 | I37: =I31*5.5 -> 0 | J37: =J31*5.5 -> 0 | K37: =SUM(D37:J37) -> 0
A38: 14 | B38: Total HH personal Obrero SUBCONTRATISTA | D38: =D32*8.5 -> 0 | E38: =E32*8.5 -> 0 | F38: =F32*8.5 -> 0 | G38: =G32*8.5 -> 0 | H38: =H32*8.5 -> 0 | I38: =I32*5.5 -> 0 | J38: =J32*5.5 -> 0 | K38: =SUM(D38:J38) -> 0
A39: 15 | B39: Total HH personal STAFF RUAG | D39: =D33*8.5 -> 0 | E39: =E33*8.5 -> 0 | F39: =F33*8.5 -> 0 | G39: =G33*8.5 -> 0 | H39: =H33*8.5 -> 0 | I39: =I33*5.5 -> 0 | J39: =J33*5.5 -> 0 | K39: =SUM(D39:J39) -> 0
A40: 16 | B40: Total HH personal STAFF SUBCONTRATISTA | D40: =D34*8.5 -> 0 | E40: =E34*8.5 -> 0 | F40: =F34*8.5 -> 0 | G40: =G34*8.5 -> 0 | H40: =H34*8.5 -> 0 | I40: =I34*5.5 -> 0 | J40: =J34*5.5 -> 0 | K40: =SUM(D40:J40) -> 0
A41: TOTAL HH PRODUCIDAS RUAG | D41: =D37+D39 -> 0 | E41: =E37+E39 -> 0 | F41: =F37+F39 -> 0 | G41: =G37+G39 -> 0 | H41: =H37+H39 -> 0 | I41: =I37+I39 -> 0 | J41: =J37+J39 -> 0 | K41: =K37+K39 -> 0
A42: TOTAL HH PRODUCIDAS SUBCONTRATISTA | D42: =D38+D40 -> 0 | E42: =E38+E40 -> 0 | F42: =F38+F40 -> 0 | G42: =G38+G40 -> 0 | H42: =H38+H40 -> 0 | I42: =I38+I40 -> 0 | J42: =J38+J40 -> 0 | K42: =K38+K40 -> 0
A43: INFORMACIÓN HHT | D43: HORARIO EXTENDIDO
D44: Lunes | E44: Martes | F44: Miércoles | G44: Jueves | H44: Viernes | I44: Sábado | J44: Domingo | K44: TOTAL SEMANAL
D45: =D30 -> 46118 | E45: =E30 -> 46119 | F45: =F30 -> 46120 | G45: =G30 -> 46121 | H45: =H30 -> 46122 | I45: =I30 -> 46123 | J45: =J30 -> 46124
A46: 17 | B46: Cantidad de personal obrero RUAG | D46: 0 | E46: 0 | F46: 0 | G46: 0 | H46: 0 | I46: 0 | J46: 0 | K46: =AVERAGE(D46:J46) -> 0
A47: 18 | B47: Cantidad de personal obrero SUBCONTRATISTA | D47: 0 | E47: 0 | F47: 0 | G47: 0 | H47: 0 | I47: 0 | J47: 0 | K47: =AVERAGE(D47:J47) -> 0
A48: 19 | B48: Cantidad de personal de STAFF RUAG | D48: 0 | E48: 0 | F48: 0 | G48: 0 | H48: 0 | I48: 0 | J48: 0 | K48: =AVERAGE(D48:J48) -> 0
A49: 20 | B49: Cantidad de personal de STAFF SUBCONTRATISTA | D49: 0 | E49: 0 | F49: 0 | G49: 0 | H49: 0 | I49: 0 | J49: 0 | K49: =AVERAGE(D49:J49) -> 0
A50: TOTAL TRABAJADORES RUAG | D50: =D46+D48 -> 0 | E50: =E46+E48 -> 0 | F50: =F46+F48 -> 0 | G50: =G46+G48 -> 0 | H50: =H46+H48 -> 0 | I50: =I46+I48 -> 0 | J50: =J46+J48 -> 0 | K50: =K46+K48 -> 0
A51: TOTAL TRABAJADORES SUBCONTRATISTA | D51: =D47+D49 -> 0 | E51: =E47+E49 -> 0 | F51: =F47+F49 -> 0 | G51: =G47+G49 -> 0 | H51: =H47+H49 -> 0 | I51: =I47+I49 -> 0 | J51: =J47+J49 -> 0 | K51: =K47+K49 -> 0
A52: 21 | B52: Total HH personal Obrero RUAG | D52: =D46*8.5 -> 0 | E52: =E46*8.5 -> 0 | F52: =F46*8.5 -> 0 | G52: =G46*8.5 -> 0 | H52: =H46*8.5 -> 0 | I52: =I46*5.5 -> 0 | J52: =J46*5.5 -> 0 | K52: =SUM(D52:J52) -> 0
A53: 22 | B53: Total HH personal Obrero SUBCONTRATISTA | D53: =D47*8.5 -> 0 | E53: =E47*8.5 -> 0 | F53: =F47*8.5 -> 0 | G53: =G47*8.5 -> 0 | H53: =H47*8.5 -> 0 | I53: =I47*5.5 -> 0 | J53: =J47*5.5 -> 0 | K53: =SUM(D53:J53) -> 0
A54: 23 | B54: Total HH personal STAFF RUAG | D54: =D48*8.5 -> 0 | E54: =E48*8.5 -> 0 | F54: =F48*8.5 -> 0 | G54: =G48*8.5 -> 0 | H54: =H48*8.5 -> 0 | I54: =I48*5.5 -> 0 | J54: =J48*5.5 -> 0 | K54: =SUM(D54:J54) -> 0
A55: 24 | B55: Total HH personal STAFF SUBCONTRATISTA | D55: =D49*8.5 -> 0 | E55: =E49*8.5 -> 0 | F55: =F49*8.5 -> 0 | G55: =G49*8.5 -> 0 | H55: =H49*8.5 -> 0 | I55: =I49*5.5 -> 0 | J55: =J49*5.5 -> 0 | K55: =SUM(D55:J55) -> 0
A56: TOTAL HH PRODUCIDAS RUAG | D56: =D52+D54 -> 0 | E56: =E52+E54 -> 0 | F56: =F52+F54 -> 0 | G56: =G52+G54 -> 0 | H56: =H52+H54 -> 0 | I56: =I52+I54 -> 0 | J56: =J52+J54 -> 0 | K56: =K52+K54 -> 0
A57: TOTAL HH PRODUCIDAS SUBCONTRATISTA | D57: =D53+D55 -> 0 | E57: =E53+E55 -> 0 | F57: =F53+F55 -> 0 | G57: =G53+G55 -> 0 | H57: =H53+H55 -> 0 | I57: =I53+I55 -> 0 | J57: =J53+J55 -> 0 | K57: =K53+K55 -> 0
A58: INFORMACIÓN HHT | D58: RESUMEN
D59: Lunes | E59: Martes | F59: Miércoles | G59: Jueves | H59: Viernes | I59: Sábado | J59: Domingo | K59: TOTAL SEMANAL
D60: =D45 -> 46118 | E60: =E45 -> 46119 | F60: =F45 -> 46120 | G60: =G45 -> 46121 | H60: =H45 -> 46122 | I60: =I45 -> 46123 | J60: =J45 -> 46124
A61: 25 | B61: Cantidad de personal obrero RUAG | D61: =D16+D31 -> 0 | E61: =E16+E31 -> 0 | F61: =F16+F31 -> 0 | G61: =G16+G31 -> 0 | H61: =H16+H31 -> 0 | I61: =I16+I31 -> 0 | J61: =J16+J31+J46 -> 0 | K61: =AVERAGE(D61:J61) -> 0
A62: 26 | B62: Cantidad de personal obrero SUBCONTRATISTA | D62: =D17+D32 -> 0 | E62: =E17+E32 -> 0 | F62: =F17+F32 -> 0 | G62: =G17+G32 -> 0 | H62: =H17+H32 -> 0 | I62: =I17+I32 -> 0 | J62: =J17+J32+J47 -> 0 | K62: =AVERAGE(D62:J62) -> 0
A63: 27 | B63: Cantidad de personal de STAFF RUAG | D63: =D18+D33 -> 0 | E63: =E18+E33 -> 0 | F63: =F18+F33 -> 0 | G63: =G18+G33 -> 0 | H63: =H18+H33 -> 0 | I63: =I18+I33 -> 0 | J63: =J18+J33+J48 -> 0 | K63: =AVERAGE(D63:J63) -> 0
A64: 28 | B64: Cantidad de personal de STAFF SUBCONTRATISTA | D64: =D19+D34 -> 0 | E64: =E19+E34 -> 0 | F64: =F19+F34 -> 0 | G64: =G19+G34 -> 0 | H64: =H19+H34 -> 0 | I64: =I19+I34 -> 0 | J64: =J19+J34+J49 -> 0 | K64: =AVERAGE(D64:J64) -> 0
A65: TOTAL TRABAJADORES RUAG | D65: =D61+D63 -> 0 | E65: =E61+E63 -> 0 | F65: =F61+F63 -> 0 | G65: =G61+G63 -> 0 | H65: =H61+H63 -> 0 | I65: =I61+I63 -> 0 | J65: =J61+J63 -> 0 | K65: =K61+K63 -> 0
A66: TOTAL TRABAJADORES SUBCONTRATISTA | D66: =D62+D64 -> 0 | E66: =E62+E64 -> 0 | F66: =F62+F64 -> 0 | G66: =G62+G64 -> 0 | H66: =H62+H64 -> 0 | I66: =I62+I64 -> 0 | J66: =J62+J64 -> 0 | K66: =K62+K64 -> 0
A67: 29 | B67: Total HH personal Obrero RUAG | D67: =D22+D37+D52 -> 0 | E67: =E22+E37+E52 -> 0 | F67: =F22+F37+F52 -> 0 | G67: =G22+G37+G52 -> 0 | H67: =H22+H37+H52 -> 0 | I67: =I22+I37+I52 -> 0 | J67: =J22+J37+J52 -> 0 | K67: =SUM(D67:J67) -> 0
A68: 30 | B68: Total HH personal Obrero SUBCONTRATISTA | D68: =D23+D38+D53 -> 0 | E68: =E23+E38+E53 -> 0 | F68: =F23+F38+F53 -> 0 | G68: =G23+G38+G53 -> 0 | H68: =H23+H38+H53 -> 0 | I68: =I23+I38+I53 -> 0 | J68: =J23+J38+J53 -> 0 | K68: =SUM(D68:J68) -> 0
A69: 31 | B69: Total HH personal STAFF RUAG | D69: =D24+D39+D54 -> 0 | E69: =E24+E39+E54 -> 0 | F69: =F24+F39+F54 -> 0 | G69: =G24+G39+G54 -> 0 | H69: =H24+H39+H54 -> 0 | I69: =I24+I39+I54 -> 0 | J69: =J24+J39+J54 -> 0 | K69: =SUM(D69:J69) -> 0
A70: 32 | B70: Total HH personal STAFF SUBCONTRATISTA | D70: =D25+D40+D55 -> 0 | E70: =E25+E40+E55 -> 0 | F70: =F25+F40+F55 -> 0 | G70: =G25+G40+G55 -> 0 | H70: =H25+H40+H55 -> 0 | I70: =I25+I40+I55 -> 0 | J70: =J25+J40+J55 -> 0 | K70: =SUM(D70:J70) -> 0
A71: TOTAL HH PRODUCIDAS RUAG | D71: =D67+D69 -> 0 | E71: =E67+E69 -> 0 | F71: =F67+F69 -> 0 | G71: =G67+G69 -> 0 | H71: =H67+H69 -> 0 | I71: =I67+I69 -> 0 | J71: =J67+J69 -> 0 | K71: =K67+K69 -> 0
A72: TOTAL HH PRODUCIDAS SUBCONTRATISTA | D72: =D68+D70 -> 0 | E72: =E68+E70 -> 0 | F72: =F68+F70 -> 0 | G72: =G68+G70 -> 0 | H72: =H68+H70 -> 0 | I72: =I68+I70 -> 0 | J72: =J68+J70 -> 0 | K72: =K68+K70 -> 0
B78: CANTIDAD DE HORAS HOMBRE TRABAJADAS
B79: HORARIO DIURNO | C79: =K26+K27 -> 0
B80: HORARIO NOCTURNO | C80: =K41+K42 -> 0
B81: HORARIO EXTENDIDO | C81: =K56+K57 -> 0
B82: TOTAL | C82: =SUM(C79:C81) -> 0
A84: EMPRESAS SUBCONTRATISTAS | D84: CANTIDAD DE TRABAJADORES
D85: Lunes | E85: Martes | F85: Miércoles | G85: Jueves | H85: Viernes | I85: Sábado | J85: Domingo | K85: TOTAL SEMANAL
D86: =D60 -> 46118 | E86: =E60 -> 46119 | F86: =F60 -> 46120 | G86: =G60 -> 46121 | H86: =H60 -> 46122 | I86: =I60 -> 46123 | J86: =J60 -> 46124
A87: 1 | D87: 0 | E87: 0 | F87: 0 | G87: 0 | H87: 0 | I87: 0 | J87: 0 | K87: =AVERAGE(D87:J87) -> 0
A88: 2 | D88: 0 | E88: 0 | F88: 0 | G88: 0 | H88: 0 | I88: 0 | J88: 0 | K88: =AVERAGE(D88:J88) -> 0
A89: 3 | D89: 0 | E89: 0 | F89: 0 | G89: 0 | H89: 0 | I89: 0 | J89: 0 | K89: =AVERAGE(D89:J89) -> 0
A90: 4 | D90: 0 | E90: 0 | F90: 0 | G90: 0 | H90: 0 | I90: 0 | J90: 0 | K90: =AVERAGE(D90:J90) -> 0
A91: 5 | D91: 0 | E91: 0 | F91: 0 | G91: 0 | H91: 0 | I91: 0 | J91: 0 | K91: =AVERAGE(D91:J91) -> 0
A92: 6 | D92: 0 | E92: 0 | F92: 0 | G92: 0 | H92: 0 | I92: 0 | J92: 0 | K92: =AVERAGE(D92:J92) -> 0
A93: 7 | D93: 0 | E93: 0 | F93: 0 | G93: 0 | H93: 0 | I93: 0 | J93: 0 | K93: =AVERAGE(D93:J93) -> 0
A94: 8 | D94: 0 | E94: 0 | F94: 0 | G94: 0 | H94: 0 | I94: 0 | J94: 0 | K94: =AVERAGE(D94:J94) -> 0
A95: TOTAL TRABAJADORES | D95: =SUM(D87:D94) -> 0 | E95: =SUM(E87:E94) -> 0 | F95: =SUM(F87:F94) -> 0 | G95: =SUM(G87:G94) -> 0 | H95: =SUM(H87:H94) -> 0 | I95: =SUM(I87:I94) -> 0 | J95: =SUM(J87:J94) -> 0 | K95: =SUM(K87:K94) -> 0
A97: CAPACITACIÓN
A99: INFORMACION DE CAPACITACION SSOMA
A100: Fecha | C100: Tipo de capacitación | D100: Tema | G100: Asistentes RUAG | H100: Asistentes SUBCONT | I100: Horas | J100: HHC RUAG | K100: HHC SUBCONT
J101: =G101*I101 -> 0 | K101: =H101*I101 -> 0 | N101: Charla diaria
J102: =G102*I102 -> 0 | K102: =H102*I102 -> 0 | N102: Charla semanal
J103: =G103*I103 -> 0 | K103: =H103*I103 -> 0 | N103: Capacitación específica
J104: =G104*I104 -> 0 | K104: =H104*I104 -> 0
J105: =G105*I105 -> 0 | K105: =H105*I105 -> 0
J106: =G106*I106 -> 0 | K106: =H106*I106 -> 0
J107: =G107*I107 -> 0 | K107: =H107*I107 -> 0
J108: =G108*I108 -> 0 | K108: =H108*I108 -> 0
J109: =G109*I109 -> 0 | K109: =H109*I109 -> 0 | N109: Inducción
J110: =G110*I110 -> 0 | K110: =H110*I110 -> 0
J111: =G111*I111 -> 0 | K111: =H111*I111 -> 0
...

Sheet SEMANA 03
C1: REPORTE ESTADÍSTICO SEMANAL SSOMA | J1: CÓDIGO: | K1: SG-SSOMA-03
J2: REVISIÓN: | K2: 03
J3: FECHA: | K3: 46119
J4: PÁGINA: | K4: 01/06
A6: Obra / Proyecto:
A7: Empresa:
A8: Mes - Año: | G8: Semana N°: | I8: 3
A9: Residente de Obra: | G9: Supervisor SSOMA:
A11: HORAS HOMBRE TRABAJADAS
A13: INFORMACIÓN HHT | D13: TURNO DIURNO
D14: Lunes | E14: Martes | F14: Miércoles | G14: Jueves | H14: Viernes | I14: Sábado | J14: Domingo | K14: TOTAL SEMANAL
D15: ='SEMANA 02'!J15+1 -> 46125 | E15: =D15+1 -> 46126 | F15: =E15+1 -> 46127 | G15: =F15+1 -> 46128 | H15: =G15+1 -> 46129 | I15: =H15+1 -> 46130 | J15: =I15+1 -> 46131
A16: 1 | B16: Cantidad de personal obrero RUAG | D16: 0 | E16: 0 | F16: 0 | G16: 0 | H16: 0 | I16: 0 | J16: 0 | K16: =AVERAGE(D16:J16) -> 0
A17: 2 | B17: Cantidad de personal obrero SUBCONTRATISTA | D17: 0 | E17: 0 | F17: 0 | G17: 0 | H17: 0 | I17: 0 | J17: 0 | K17: =AVERAGE(D17:J17) -> 0
A18: 3 | B18: Cantidad de personal de STAFF RUAG | D18: 0 | E18: 0 | F18: 0 | G18: 0 | H18: 0 | I18: 0 | J18: 0 | K18: =AVERAGE(D18:J18) -> 0
A19: 4 | B19: Cantidad de personal de STAFF SUBCONTRATISTA | D19: 0 | E19: 0 | F19: 0 | G19: 0 | H19: 0 | I19: 0 | J19: 0 | K19: =AVERAGE(D19:J19) -> 0
A20: TOTAL TRABAJADORES RUAG | D20: =D16+D18 -> 0 | E20: =E16+E18 -> 0 | F20: =F16+F18 -> 0 | G20: =G16+G18 -> 0 | H20: =H16+H18 -> 0 | I20: =I16+I18 -> 0 | J20: =J16+J18 -> 0 | K20: =K16+K18 -> 0
A21: TOTAL TRABAJADORES SUBCONTRATISTA | D21: =D17+D19 -> 0 | E21: =E17+E19 -> 0 | F21: =F17+F19 -> 0 | G21: =G17+G19 -> 0 | H21: =H17+H19 -> 0 | I21: =I17+I19 -> 0 | J21: =J17+J19 -> 0 | K21: =K17+K19 -> 0
A22: 5 | B22: Total HH personal Obrero RUAG | D22: =D16*8.5 -> 0 | E22: =E16*8.5 -> 0 | F22: =F16*8.5 -> 0 | G22: =G16*8.5 -> 0 | H22: =H16*8.5 -> 0 | I22: =I16*5.5 -> 0 | J22: =J16*5.5 -> 0 | K22: =SUM(D22:J22) -> 0
A23: 6 | B23: Total HH personal Obrero SUBCONTRATISTA | D23: =D17*8.5 -> 0 | E23: =E17*8.5 -> 0 | F23: =F17*8.5 -> 0 | G23: =G17*8.5 -> 0 | H23: =H17*8.5 -> 0 | I23: =I17*5.5 -> 0 | J23: =J17*5.5 -> 0 | K23: =SUM(D23:J23) -> 0
A24: 7 | B24: Total HH personal STAFF RUAG | D24: =D18*8.5 -> 0 | E24: =E18*8.5 -> 0 | F24: =F18*8.5 -> 0 | G24: =G18*8.5 -> 0 | H24: =H18*8.5 -> 0 | I24: =I18*5.5 -> 0 | J24: =J18*5.5 -> 0 | K24: =SUM(D24:J24) -> 0
A25: 8 | B25: Total HH personal STAFF SUBCONTRATISTA | D25: =D19*8.5 -> 0 | E25: =E19*8.5 -> 0 | F25: =F19*8.5 -> 0 | G25: =G19*8.5 -> 0 | H25: =H19*8.5 -> 0 | I25: =I19*5.5 -> 0 | J25: =J19*5.5 -> 0 | K25: =SUM(D25:J25) -> 0
A26: TOTAL HH PRODUCIDAS RUAG | D26: =D22+D24 -> 0 | E26: =E22+E24 -> 0 | F26: =F22+F24 -> 0 | G26: =G22+G24 -> 0 | H26: =H22+H24 -> 0 | I26: =I22+I24 -> 0 | J26: =J22+J24 -> 0 | K26: =K22+K24 -> 0
A27: TOTAL HH PRODUCIDAS SUBCONTRATISTA | D27: =D23+D25 -> 0 | E27: =E23+E25 -> 0 | F27: =F23+F25 -> 0 | G27: =G23+G25 -> 0 | H27: =H23+H25 -> 0 | I27: =I23+I25 -> 0 | J27: =J23+J25 -> 0 | K27: =K23+K25 -> 0
A28: INFORMACIÓN HHT | D28: TURNO NOCTURNO
D29: Lunes | E29: Martes | F29: Miércoles | G29: Jueves | H29: Viernes | I29: Sábado | J29: Domingo | K29: TOTAL SEMANAL
D30: =D15 -> 46125 | E30: =E15 -> 46126 | F30: =F15 -> 46127 | G30: =G15 -> 46128 | H30: =H15 -> 46129 | I30: =I15 -> 46130 | J30: =J15 -> 46131
A31: 9 | B31: Cantidad de personal obrero RUAG | D31: 0 | E31: 0 | F31: 0 | G31: 0 | H31: 0 | I31: 0 | J31: 0 | K31: =AVERAGE(D31:J31) -> 0
A32: 10 | B32: Cantidad de personal obrero SUBCONTRATISTA | D32: 0 | E32: 0 | F32: 0 | G32: 0 | H32: 0 | I32: 0 | J32: 0 | K32: =AVERAGE(D32:J32) -> 0
A33: 11 | B33: Cantidad de personal de STAFF RUAG | D33: 0 | E33: 0 | F33: 0 | G33: 0 | H33: 0 | I33: 0 | J33: 0 | K33: =AVERAGE(D33:J33) -> 0
A34: 12 | B34: Cantidad de personal de STAFF SUBCONTRATISTA | D34: 0 | E34: 0 | F34: 0 | G34: 0 | H34: 0 | I34: 0 | J34: 0 | K34: =AVERAGE(D34:J34) -> 0
A35: TOTAL TRABAJADORES RUAG | D35: =D31+D33 -> 0 | E35: =E31+E33 -> 0 | F35: =F31+F33 -> 0 | G35: =G31+G33 -> 0 | H35: =H31+H33 -> 0 | I35: =I31+I33 -> 0 | J35: =J31+J33 -> 0 | K35: =K31+K33 -> 0
A36: TOTAL TRABAJADORES SUBCONTRATISTA | D36: =D32+D34 -> 0 | E36: =E32+E34 -> 0 | F36: =F32+F34 -> 0 | G36: =G32+G34 -> 0 | H36: =H32+H34 -> 0 | I36: =I32+I34 -> 0 | J36: =J32+J34 -> 0 | K36: =K32+K34 -> 0
A37: 13 | B37: Total HH personal Obrero RUAG | D37: =D31*8.5 -> 0 | E37: =E31*8.5 -> 0 | F37: =F31*8.5 -> 0 | G37: =G31*8.5 -> 0 | H37: =H31*8.5 -> 0 | I37: =I31*5.5 -> 0 | J37: =J31*5.5 -> 0 | K37: =SUM(D37:J37) -> 0
A38: 14 | B38: Total HH personal Obrero SUBCONTRATISTA | D38: =D32*8.5 -> 0 | E38: =E32*8.5 -> 0 | F38: =F32*8.5 -> 0 | G38: =G32*8.5 -> 0 | H38: =H32*8.5 -> 0 | I38: =I32*5.5 -> 0 | J38: =J32*5.5 -> 0 | K38: =SUM(D38:J38) -> 0
A39: 15 | B39: Total HH personal STAFF RUAG | D39: =D33*8.5 -> 0 | E39: =E33*8.5 -> 0 | F39: =F33*8.5 -> 0 | G39: =G33*8.5 -> 0 | H39: =H33*8.5 -> 0 | I39: =I33*5.5 -> 0 | J39: =J33*5.5 -> 0 | K39: =SUM(D39:J39) -> 0
A40: 16 | B40: Total HH personal STAFF SUBCONTRATISTA | D40: =D34*8.5 -> 0 | E40: =E34*8.5 -> 0 | F40: =F34*8.5 -> 0 | G40: =G34*8.5 -> 0 | H40: =H34*8.5 -> 0 | I40: =I34*5.5 -> 0 | J40: =J34*5.5 -> 0 | K40: =SUM(D40:J40) -> 0
A41: TOTAL HH PRODUCIDAS RUAG | D41: =D37+D39 -> 0 | E41: =E37+E39 -> 0 | F41: =F37+F39 -> 0 | G41: =G37+G39 -> 0 | H41: =H37+H39 -> 0 | I41: =I37+I39 -> 0 | J41: =J37+J39 -> 0 | K41: =K37+K39 -> 0
A42: TOTAL HH PRODUCIDAS SUBCONTRATISTA | D42: =D38+D40 -> 0 | E42: =E38+E40 -> 0 | F42: =F38+F40 -> 0 | G42: =G38+G40 -> 0 | H42: =H38+H40 -> 0 | I42: =I38+I40 -> 0 | J42: =J38+J40 -> 0 | K42: =K38+K40 -> 0
A43: INFORMACIÓN HHT | D43: HORARIO EXTENDIDO
D44: Lunes | E44: Martes | F44: Miércoles | G44: Jueves | H44: Viernes | I44: Sábado | J44: Domingo | K44: TOTAL SEMANAL
D45: =D30 -> 46125 | E45: =E30 -> 46126 | F45: =F30 -> 46127 | G45: =G30 -> 46128 | H45: =H30 -> 46129 | I45: =I30 -> 46130 | J45: =J30 -> 46131
A46: 17 | B46: Cantidad de personal obrero RUAG | D46: 0 | E46: 0 | F46: 0 | G46: 0 | H46: 0 | I46: 0 | J46: 0 | K46: =AVERAGE(D46:J46) -> 0
A47: 18 | B47: Cantidad de personal obrero SUBCONTRATISTA | D47: 0 | E47: 0 | F47: 0 | G47: 0 | H47: 0 | I47: 0 | J47: 0 | K47: =AVERAGE(D47:J47) -> 0
A48: 19 | B48: Cantidad de personal de STAFF RUAG | D48: 0 | E48: 0 | F48: 0 | G48: 0 | H48: 0 | I48: 0 | J48: 0 | K48: =AVERAGE(D48:J48) -> 0
A49: 20 | B49: Cantidad de personal de STAFF SUBCONTRATISTA | D49: 0 | E49: 0 | F49: 0 | G49: 0 | H49: 0 | I49: 0 | J49: 0 | K49: =AVERAGE(D49:J49) -> 0
A50: TOTAL TRABAJADORES RUAG | D50: =D46+D48 -> 0 | E50: =E46+E48 -> 0 | F50: =F46+F48 -> 0 | G50: =G46+G48 -> 0 | H50: =H46+H48 -> 0 | I50: =I46+I48 -> 0 | J50: =J46+J48 -> 0 | K50: =K46+K48 -> 0
A51: TOTAL TRABAJADORES SUBCONTRATISTA | D51: =D47+D49 -> 0 | E51: =E47+E49 -> 0 | F51: =F47+F49 -> 0 | G51: =G47+G49 -> 0 | H51: =H47+H49 -> 0 | I51: =I47+I49 -> 0 | J51: =J47+J49 -> 0 | K51: =K47+K49 -> 0
A52: 21 | B52: Total HH personal Obrero RUAG | D52: =D46*8.5 -> 0 | E52: =E46*8.5 -> 0 | F52: =F46*8.5 -> 0 | G52: =G46*8.5 -> 0 | H52: =H46*8.5 -> 0 | I52: =I46*5.5 -> 0 | J52: =J46*5.5 -> 0 | K52: =SUM(D52:J52) -> 0
A53: 22 | B53: Total HH personal Obrero SUBCONTRATISTA | D53: =D47*8.5 -> 0 | E53: =E47*8.5 -> 0 | F53: =F47*8.5 -> 0 | G53: =G47*8.5 -> 0 | H53: =H47*8.5 -> 0 | I53: =I47*5.5 -> 0 | J53: =J47*5.5 -> 0 | K53: =SUM(D53:J53) -> 0
A54: 23 | B54: Total HH personal STAFF RUAG | D54: =D48*8.5 -> 0 | E54: =E48*8.5 -> 0 | F54: =F48*8.5 -> 0 | G54: =G48*8.5 -> 0 | H54: =H48*8.5 -> 0 | I54: =I48*5.5 -> 0 | J54: =J48*5.5 -> 0 | K54: =SUM(D54:J54) -> 0
A55: 24 | B55: Total HH personal STAFF SUBCONTRATISTA | D55: =D49*8.5 -> 0 | E55: =E49*8.5 -> 0 | F55: =F49*8.5 -> 0 | G55: =G49*8.5 -> 0 | H55: =H49*8.5 -> 0 | I55: =I49*5.5 -> 0 | J55: =J49*5.5 -> 0 | K55: =SUM(D55:J55) -> 0
A56: TOTAL HH PRODUCIDAS RUAG | D56: =D52+D54 -> 0 | E56: =E52+E54 -> 0 | F56: =F52+F54 -> 0 | G56: =G52+G54 -> 0 | H56: =H52+H54 -> 0 | I56: =I52+I54 -> 0 | J56: =J52+J54 -> 0 | K56: =K52+K54 -> 0
A57: TOTAL HH PRODUCIDAS SUBCONTRATISTA | D57: =D53+D55 -> 0 | E57: =E53+E55 -> 0 | F57: =F53+F55 -> 0 | G57: =G53+G55 -> 0 | H57: =H53+H55 -> 0 | I57: =I53+I55 -> 0 | J57: =J53+J55 -> 0 | K57: =K53+K55 -> 0
A58: INFORMACIÓN HHT | D58: RESUMEN
D59: Lunes | E59: Martes | F59: Miércoles | G59: Jueves | H59: Viernes | I59: Sábado | J59: Domingo | K59: TOTAL SEMANAL
D60: =D45 -> 46125 | E60: =E45 -> 46126 | F60: =F45 -> 46127 | G60: =G45 -> 46128 | H60: =H45 -> 46129 | I60: =I45 -> 46130 | J60: =J45 -> 46131
A61: 25 | B61: Cantidad de personal obrero RUAG | D61: =D16+D31 -> 0 | E61: =E16+E31 -> 0 | F61: =F16+F31 -> 0 | G61: =G16+G31 -> 0 | H61: =H16+H31 -> 0 | I61: =I16+I31 -> 0 | J61: =J16+J31+J46 -> 0 | K61: =AVERAGE(D61:J61) -> 0
A62: 26 | B62: Cantidad de personal obrero SUBCONTRATISTA | D62: =D17+D32 -> 0 | E62: =E17+E32 -> 0 | F62: =F17+F32 -> 0 | G62: =G17+G32 -> 0 | H62: =H17+H32 -> 0 | I62: =I17+I32 -> 0 | J62: =J17+J32+J47 -> 0 | K62: =AVERAGE(D62:J62) -> 0
A63: 27 | B63: Cantidad de personal de STAFF RUAG | D63: =D18+D33 -> 0 | E63: =E18+E33 -> 0 | F63: =F18+F33 -> 0 | G63: =G18+G33 -> 0 | H63: =H18+H33 -> 0 | I63: =I18+I33 -> 0 | J63: =J18+J33+J48 -> 0 | K63: =AVERAGE(D63:J63) -> 0
A64: 28 | B64: Cantidad de personal de STAFF SUBCONTRATISTA | D64: =D19+D34 -> 0 | E64: =E19+E34 -> 0 | F64: =F19+F34 -> 0 | G64: =G19+G34 -> 0 | H64: =H19+H34 -> 0 | I64: =I19+I34 -> 0 | J64: =J19+J34+J49 -> 0 | K64: =AVERAGE(D64:J64) -> 0
A65: TOTAL TRABAJADORES RUAG | D65: =D61+D63 -> 0 | E65: =E61+E63 -> 0 | F65: =F61+F63 -> 0 | G65: =G61+G63 -> 0 | H65: =H61+H63 -> 0 | I65: =I61+I63 -> 0 | J65: =J61+J63 -> 0 | K65: =K61+K63 -> 0
A66: TOTAL TRABAJADORES SUBCONTRATISTA | D66: =D62+D64 -> 0 | E66: =E62+E64 -> 0 | F66: =F62+F64 -> 0 | G66: =G62+G64 -> 0 | H66: =H62+H64 -> 0 | I66: =I62+I64 -> 0 | J66: =J62+J64 -> 0 | K66: =K62+K64 -> 0
A67: 29 | B67: Total HH personal Obrero RUAG | D67: =D22+D37+D52 -> 0 | E67: =E22+E37+E52 -> 0 | F67: =F22+F37+F52 -> 0 | G67: =G22+G37+G52 -> 0 | H67: =H22+H37+H52 -> 0 | I67: =I22+I37+I52 -> 0 | J67: =J22+J37+J52 -> 0 | K67: =SUM(D67:J67) -> 0
A68: 30 | B68: Total HH personal Obrero SUBCONTRATISTA | D68: =D23+D38+D53 -> 0 | E68: =E23+E38+E53 -> 0 | F68: =F23+F38+F53 -> 0 | G68: =G23+G38+G53 -> 0 | H68: =H23+H38+H53 -> 0 | I68: =I23+I38+I53 -> 0 | J68: =J23+J38+J53 -> 0 | K68: =SUM(D68:J68) -> 0
A69: 31 | B69: Total HH personal STAFF RUAG | D69: =D24+D39+D54 -> 0 | E69: =E24+E39+E54 -> 0 | F69: =F24+F39+F54 -> 0 | G69: =G24+G39+G54 -> 0 | H69: =H24+H39+H54 -> 0 | I69: =I24+I39+I54 -> 0 | J69: =J24+J39+J54 -> 0 | K69: =SUM(D69:J69) -> 0
A70: 32 | B70: Total HH personal STAFF SUBCONTRATISTA | D70: =D25+D40+D55 -> 0 | E70: =E25+E40+E55 -> 0 | F70: =F25+F40+F55 -> 0 | G70: =G25+G40+G55 -> 0 | H70: =H25+H40+H55 -> 0 | I70: =I25+I40+I55 -> 0 | J70: =J25+J40+J55 -> 0 | K70: =SUM(D70:J70) -> 0
A71: TOTAL HH PRODUCIDAS RUAG | D71: =D67+D69 -> 0 | E71: =E67+E69 -> 0 | F71: =F67+F69 -> 0 | G71: =G67+G69 -> 0 | H71: =H67+H69 -> 0 | I71: =I67+I69 -> 0 | J71: =J67+J69 -> 0 | K71: =K67+K69 -> 0
A72: TOTAL HH PRODUCIDAS SUBCONTRATISTA | D72: =D68+D70 -> 0 | E72: =E68+E70 -> 0 | F72: =F68+F70 -> 0 | G72: =G68+G70 -> 0 | H72: =H68+H70 -> 0 | I72: =I68+I70 -> 0 | J72: =J68+J70 -> 0 | K72: =K68+K70 -> 0
B78: CANTIDAD DE HORAS HOMBRE TRABAJADAS
B79: HORARIO DIURNO | C79: =K26+K27 -> 0
B80: HORARIO NOCTURNO | C80: =K41+K42 -> 0
B81: HORARIO EXTENDIDO | C81: =K56+K57 -> 0
B82: TOTAL | C82: =SUM(C79:C81) -> 0
A84: EMPRESAS SUBCONTRATISTAS | D84: CANTIDAD DE TRABAJADORES
D85: Lunes | E85: Martes | F85: Miércoles | G85: Jueves | H85: Viernes | I85: Sábado | J85: Domingo | K85: TOTAL SEMANAL
D86: =D60 -> 46125 | E86: =E60 -> 46126 | F86: =F60 -> 46127 | G86: =G60 -> 46128 | H86: =H60 -> 46129 | I86: =I60 -> 46130 | J86: =J60 -> 46131
A87: 1 | D87: 0 | E87: 0 | F87: 0 | G87: 0 | H87: 0 | I87: 0 | J87: 0 | K87: =AVERAGE(D87:J87) -> 0
A88: 2 | D88: 0 | E88: 0 | F88: 0 | G88: 0 | H88: 0 | I88: 0 | J88: 0 | K88: =AVERAGE(D88:J88) -> 0
A89: 3 | D89: 0 | E89: 0 | F89: 0 | G89: 0 | H89: 0 | I89: 0 | J89: 0 | K89: =AVERAGE(D89:J89) -> 0
A90: 4 | D90: 0 | E90: 0 | F90: 0 | G90: 0 | H90: 0 | I90: 0 | J90: 0 | K90: =AVERAGE(D90:J90) -> 0
A91: 5 | D91: 0 | E91: 0 | F91: 0 | G91: 0 | H91: 0 | I91: 0 | J91: 0 | K91: =AVERAGE(D91:J91) -> 0
A92: 6 | D92: 0 | E92: 0 | F92: 0 | G92: 0 | H92: 0 | I92: 0 | J92: 0 | K92: =AVERAGE(D92:J92) -> 0
A93: 7 | D93: 0 | E93: 0 | F93: 0 | G93: 0 | H93: 0 | I93: 0 | J93: 0 | K93: =AVERAGE(D93:J93) -> 0
A94: 8 | D94: 0 | E94: 0 | F94: 0 | G94: 0 | H94: 0 | I94: 0 | J94: 0 | K94: =AVERAGE(D94:J94) -> 0
A95: TOTAL TRABAJADORES | D95: =SUM(D87:D94) -> 0 | E95: =SUM(E87:E94) -> 0 | F95: =SUM(F87:F94) -> 0 | G95: =SUM(G87:G94) -> 0 | H95: =SUM(H87:H94) -> 0 | I95: =SUM(I87:I94) -> 0 | J95: =SUM(J87:J94) -> 0 | K95: =SUM(K87:K94) -> 0
A97: CAPACITACIÓN
A99: INFORMACION DE CAPACITACION SSOMA
A100: Fecha | C100: Tipo de capacitación | D100: Tema | G100: Asistentes RUAG | H100: Asistentes SUBCONT | I100: Horas | J100: HHC RUAG | K100: HHC SUBCONT
J101: =G101*I101 -> 0 | K101: =H101*I101 -> 0 | N101: Charla diaria
J102: =G102*I102 -> 0 | K102: =H102*I102 -> 0 | N102: Charla semanal
J103: =G103*I103 -> 0 | K103: =H103*I103 -> 0 | N103: Capacitación específica
J104: =G104*I104 -> 0 | K104: =H104*I104 -> 0 | N104: Inducción
J105: =G105*I105 -> 0 | K105: =H105*I105 -> 0
J106: =G106*I106 -> 0 | K106: =H106*I106 -> 0
J107: =G107*I107 -> 0 | K107: =H107*I107 -> 0
J108: =G108*I108 -> 0 | K108: =H108*I108 -> 0
J109: =G109*I109 -> 0 | K109: =H109*I109 -> 0
J110: =G110*I110 -> 0 | K110: =H110*I110 -> 0
J111: =G111*I111 -> 0 | K111: =H111*I111 -> 0
...

Sheet SEMANA 04
C1: REPORTE ESTADÍSTICO SEMANAL SSOMA | J1: CÓDIGO: | K1: SG-SSOMA-03
J2: REVISIÓN: | K2: 03
J3: FECHA: | K3: 46119
J4: PÁGINA: | K4: 01/06
A6: Obra / Proyecto:
A7: Empresa:
A8: Mes - Año: | G8: Semana N°: | I8: 4
A9: Residente de Obra: | G9: Supervisor SSOMA:
A11: HORAS HOMBRE TRABAJADAS
A13: INFORMACIÓN HHT | D13: TURNO DIURNO
D14: Lunes | E14: Martes | F14: Miércoles | G14: Jueves | H14: Viernes | I14: Sábado | J14: Domingo | K14: TOTAL SEMANAL
D15: ='SEMANA 03'!J15+1 -> 46132 | E15: =D15+1 -> 46133 | F15: =E15+1 -> 46134 | G15: =F15+1 -> 46135 | H15: =G15+1 -> 46136 | I15: =H15+1 -> 46137 | J15: =I15+1 -> 46138
A16: 1 | B16: Cantidad de personal obrero RUAG | D16: 0 | E16: 0 | F16: 0 | G16: 0 | H16: 0 | I16: 0 | J16: 0 | K16: =AVERAGE(D16:J16) -> 0
A17: 2 | B17: Cantidad de personal obrero SUBCONTRATISTA | D17: 0 | E17: 0 | F17: 0 | G17: 0 | H17: 0 | I17: 0 | J17: 0 | K17: =AVERAGE(D17:J17) -> 0
A18: 3 | B18: Cantidad de personal de STAFF RUAG | D18: 0 | E18: 0 | F18: 0 | G18: 0 | H18: 0 | I18: 0 | J18: 0 | K18: =AVERAGE(D18:J18) -> 0
A19: 4 | B19: Cantidad de personal de STAFF SUBCONTRATISTA | D19: 0 | E19: 0 | F19: 0 | G19: 0 | H19: 0 | I19: 0 | J19: 0 | K19: =AVERAGE(D19:J19) -> 0
A20: TOTAL TRABAJADORES RUAG | D20: =D16+D18 -> 0 | E20: =E16+E18 -> 0 | F20: =F16+F18 -> 0 | G20: =G16+G18 -> 0 | H20: =H16+H18 -> 0 | I20: =I16+I18 -> 0 | J20: =J16+J18 -> 0 | K20: =K16+K18 -> 0
A21: TOTAL TRABAJADORES SUBCONTRATISTA | D21: =D17+D19 -> 0 | E21: =E17+E19 -> 0 | F21: =F17+F19 -> 0 | G21: =G17+G19 -> 0 | H21: =H17+H19 -> 0 | I21: =I17+I19 -> 0 | J21: =J17+J19 -> 0 | K21: =K17+K19 -> 0
A22: 5 | B22: Total HH personal Obrero RUAG | D22: =D16*8.5 -> 0 | E22: =E16*8.5 -> 0 | F22: =F16*8.5 -> 0 | G22: =G16*8.5 -> 0 | H22: =H16*8.5 -> 0 | I22: =I16*5.5 -> 0 | J22: =J16*5.5 -> 0 | K22: =SUM(D22:J22) -> 0
A23: 6 | B23: Total HH personal Obrero SUBCONTRATISTA | D23: =D17*8.5 -> 0 | E23: =E17*8.5 -> 0 | F23: =F17*8.5 -> 0 | G23: =G17*8.5 -> 0 | H23: =H17*8.5 -> 0 | I23: =I17*5.5 -> 0 | J23: =J17*5.5 -> 0 | K23: =SUM(D23:J23) -> 0
A24: 7 | B24: Total HH personal STAFF RUAG | D24: =D18*8.5 -> 0 | E24: =E18*8.5 -> 0 | F24: =F18*8.5 -> 0 | G24: =G18*8.5 -> 0 | H24: =H18*8.5 -> 0 | I24: =I18*5.5 -> 0 | J24: =J18*5.5 -> 0 | K24: =SUM(D24:J24) -> 0
A25: 8 | B25: Total HH personal STAFF SUBCONTRATISTA | D25: =D19*8.5 -> 0 | E25: =E19*8.5 -> 0 | F25: =F19*8.5 -> 0 | G25: =G19*8.5 -> 0 | H25: =H19*8.5 -> 0 | I25: =I19*5.5 -> 0 | J25: =J19*5.5 -> 0 | K25: =SUM(D25:J25) -> 0
A26: TOTAL HH PRODUCIDAS RUAG | D26: =D22+D24 -> 0 | E26: =E22+E24 -> 0 | F26: =F22+F24 -> 0 | G26: =G22+G24 -> 0 | H26: =H22+H24 -> 0 | I26: =I22+I24 -> 0 | J26: =J22+J24 -> 0 | K26: =K22+K24 -> 0
A27: TOTAL HH PRODUCIDAS SUBCONTRATISTA | D27: =D23+D25 -> 0 | E27: =E23+E25 -> 0 | F27: =F23+F25 -> 0 | G27: =G23+G25 -> 0 | H27: =H23+H25 -> 0 | I27: =I23+I25 -> 0 | J27: =J23+J25 -> 0 | K27: =K23+K25 -> 0
A28: INFORMACIÓN HHT | D28: TURNO NOCTURNO
D29: Lunes | E29: Martes | F29: Miércoles | G29: Jueves | H29: Viernes | I29: Sábado | J29: Domingo | K29: TOTAL SEMANAL
D30: =D15 -> 46132 | E30: =E15 -> 46133 | F30: =F15 -> 46134 | G30: =G15 -> 46135 | H30: =H15 -> 46136 | I30: =I15 -> 46137 | J30: =J15 -> 46138
A31: 9 | B31: Cantidad de personal obrero RUAG | D31: 0 | E31: 0 | F31: 0 | G31: 0 | H31: 0 | I31: 0 | J31: 0 | K31: =AVERAGE(D31:J31) -> 0
A32: 10 | B32: Cantidad de personal obrero SUBCONTRATISTA | D32: 0 | E32: 0 | F32: 0 | G32: 0 | H32: 0 | I32: 0 | J32: 0 | K32: =AVERAGE(D32:J32) -> 0
A33: 11 | B33: Cantidad de personal de STAFF RUAG | D33: 0 | E33: 0 | F33: 0 | G33: 0 | H33: 0 | I33: 0 | J33: 0 | K33: =AVERAGE(D33:J33) -> 0
A34: 12 | B34: Cantidad de personal de STAFF SUBCONTRATISTA | D34: 0 | E34: 0 | F34: 0 | G34: 0 | H34: 0 | I34: 0 | J34: 0 | K34: =AVERAGE(D34:J34) -> 0
A35: TOTAL TRABAJADORES RUAG | D35: =D31+D33 -> 0 | E35: =E31+E33 -> 0 | F35: =F31+F33 -> 0 | G35: =G31+G33 -> 0 | H35: =H31+H33 -> 0 | I35: =I31+I33 -> 0 | J35: =J31+J33 -> 0 | K35: =K31+K33 -> 0
A36: TOTAL TRABAJADORES SUBCONTRATISTA | D36: =D32+D34 -> 0 | E36: =E32+E34 -> 0 | F36: =F32+F34 -> 0 | G36: =G32+G34 -> 0 | H36: =H32+H34 -> 0 | I36: =I32+I34 -> 0 | J36: =J32+J34 -> 0 | K36: =K32+K34 -> 0
A37: 13 | B37: Total HH personal Obrero RUAG | D37: =D31*8.5 -> 0 | E37: =E31*8.5 -> 0 | F37: =F31*8.5 -> 0 | G37: =G31*8.5 -> 0 | H37: =H31*8.5 -> 0 | I37: =I31*5.5 -> 0 | J37: =J31*5.5 -> 0 | K37: =SUM(D37:J37) -> 0
A38: 14 | B38: Total HH personal Obrero SUBCONTRATISTA | D38: =D32*8.5 -> 0 | E38: =E32*8.5 -> 0 | F38: =F32*8.5 -> 0 | G38: =G32*8.5 -> 0 | H38: =H32*8.5 -> 0 | I38: =I32*5.5 -> 0 | J38: =J32*5.5 -> 0 | K38: =SUM(D38:J38) -> 0
A39: 15 | B39: Total HH personal STAFF RUAG | D39: =D33*8.5 -> 0 | E39: =E33*8.5 -> 0 | F39: =F33*8.5 -> 0 | G39: =G33*8.5 -> 0 | H39: =H33*8.5 -> 0 | I39: =I33*5.5 -> 0 | J39: =J33*5.5 -> 0 | K39: =SUM(D39:J39) -> 0
A40: 16 | B40: Total HH personal STAFF SUBCONTRATISTA | D40: =D34*8.5 -> 0 | E40: =E34*8.5 -> 0 | F40: =F34*8.5 -> 0 | G40: =G34*8.5 -> 0 | H40: =H34*8.5 -> 0 | I40: =I34*5.5 -> 0 | J40: =J34*5.5 -> 0 | K40: =SUM(D40:J40) -> 0
A41: TOTAL HH PRODUCIDAS RUAG | D41: =D37+D39 -> 0 | E41: =E37+E39 -> 0 | F41: =F37+F39 -> 0 | G41: =G37+G39 -> 0 | H41: =H37+H39 -> 0 | I41: =I37+I39 -> 0 | J41: =J37+J39 -> 0 | K41: =K37+K39 -> 0
A42: TOTAL HH PRODUCIDAS SUBCONTRATISTA | D42: =D38+D40 -> 0 | E42: =E38+E40 -> 0 | F42: =F38+F40 -> 0 | G42: =G38+G40 -> 0 | H42: =H38+H40 -> 0 | I42: =I38+I40 -> 0 | J42: =J38+J40 -> 0 | K42: =K38+K40 -> 0
A43: INFORMACIÓN HHT | D43: HORARIO EXTENDIDO
D44: Lunes | E44: Martes | F44: Miércoles | G44: Jueves | H44: Viernes | I44: Sábado | J44: Domingo | K44: TOTAL SEMANAL
D45: =D30 -> 46132 | E45: =E30 -> 46133 | F45: =F30 -> 46134 | G45: =G30 -> 46135 | H45: =H30 -> 46136 | I45: =I30 -> 46137 | J45: =J30 -> 46138
A46: 17 | B46: Cantidad de personal obrero RUAG | D46: 0 | E46: 0 | F46: 0 | G46: 0 | H46: 0 | I46: 0 | J46: 0 | K46: =AVERAGE(D46:J46) -> 0
A47: 18 | B47: Cantidad de personal obrero SUBCONTRATISTA | D47: 0 | E47: 0 | F47: 0 | G47: 0 | H47: 0 | I47: 0 | J47: 0 | K47: =AVERAGE(D47:J47) -> 0
A48: 19 | B48: Cantidad de personal de STAFF RUAG | D48: 0 | E48: 0 | F48: 0 | G48: 0 | H48: 0 | I48: 0 | J48: 0 | K48: =AVERAGE(D48:J48) -> 0
A49: 20 | B49: Cantidad de personal de STAFF SUBCONTRATISTA | D49: 0 | E49: 0 | F49: 0 | G49: 0 | H49: 0 | I49: 0 | J49: 0 | K49: =AVERAGE(D49:J49) -> 0
A50: TOTAL TRABAJADORES RUAG | D50: =D46+D48 -> 0 | E50: =E46+E48 -> 0 | F50: =F46+F48 -> 0 | G50: =G46+G48 -> 0 | H50: =H46+H48 -> 0 | I50: =I46+I48 -> 0 | J50: =J46+J48 -> 0 | K50: =K46+K48 -> 0
A51: TOTAL TRABAJADORES SUBCONTRATISTA | D51: =D47+D49 -> 0 | E51: =E47+E49 -> 0 | F51: =F47+F49 -> 0 | G51: =G47+G49 -> 0 | H51: =H47+H49 -> 0 | I51: =I47+I49 -> 0 | J51: =J47+J49 -> 0 | K51: =K47+K49 -> 0
A52: 21 | B52: Total HH personal Obrero RUAG | D52: =D46*8.5 -> 0 | E52: =E46*8.5 -> 0 | F52: =F46*8.5 -> 0 | G52: =G46*8.5 -> 0 | H52: =H46*8.5 -> 0 | I52: =I46*5.5 -> 0 | J52: =J46*5.5 -> 0 | K52: =SUM(D52:J52) -> 0
A53: 22 | B53: Total HH personal Obrero SUBCONTRATISTA | D53: =D47*8.5 -> 0 | E53: =E47*8.5 -> 0 | F53: =F47*8.5 -> 0 | G53: =G47*8.5 -> 0 | H53: =H47*8.5 -> 0 | I53: =I47*5.5 -> 0 | J53: =J47*5.5 -> 0 | K53: =SUM(D53:J53) -> 0
A54: 23 | B54: Total HH personal STAFF RUAG | D54: =D48*8.5 -> 0 | E54: =E48*8.5 -> 0 | F54: =F48*8.5 -> 0 | G54: =G48*8.5 -> 0 | H54: =H48*8.5 -> 0 | I54: =I48*5.5 -> 0 | J54: =J48*5.5 -> 0 | K54: =SUM(D54:J54) -> 0
A55: 24 | B55: Total HH personal STAFF SUBCONTRATISTA | D55: =D49*8.5 -> 0 | E55: =E49*8.5 -> 0 | F55: =F49*8.5 -> 0 | G55: =G49*8.5 -> 0 | H55: =H49*8.5 -> 0 | I55: =I49*5.5 -> 0 | J55: =J49*5.5 -> 0 | K55: =SUM(D55:J55) -> 0
A56: TOTAL HH PRODUCIDAS RUAG | D56: =D52+D54 -> 0 | E56: =E52+E54 -> 0 | F56: =F52+F54 -> 0 | G56: =G52+G54 -> 0 | H56: =H52+H54 -> 0 | I56: =I52+I54 -> 0 | J56: =J52+J54 -> 0 | K56: =K52+K54 -> 0
A57: TOTAL HH PRODUCIDAS SUBCONTRATISTA | D57: =D53+D55 -> 0 | E57: =E53+E55 -> 0 | F57: =F53+F55 -> 0 | G57: =G53+G55 -> 0 | H57: =H53+H55 -> 0 | I57: =I53+I55 -> 0 | J57: =J53+J55 -> 0 | K57: =K53+K55 -> 0
A58: INFORMACIÓN HHT | D58: RESUMEN
D59: Lunes | E59: Martes | F59: Miércoles | G59: Jueves | H59: Viernes | I59: Sábado | J59: Domingo | K59: TOTAL SEMANAL
D60: =D45 -> 46132 | E60: =E45 -> 46133 | F60: =F45 -> 46134 | G60: =G45 -> 46135 | H60: =H45 -> 46136 | I60: =I45 -> 46137 | J60: =J45 -> 46138
A61: 25 | B61: Cantidad de personal obrero RUAG | D61: =D16+D31 -> 0 | E61: =E16+E31 -> 0 | F61: =F16+F31 -> 0 | G61: =G16+G31 -> 0 | H61: =H16+H31 -> 0 | I61: =I16+I31 -> 0 | J61: =J16+J31+J46 -> 0 | K61: =AVERAGE(D61:J61) -> 0
A62: 26 | B62: Cantidad de personal obrero SUBCONTRATISTA | D62: =D17+D32 -> 0 | E62: =E17+E32 -> 0 | F62: =F17+F32 -> 0 | G62: =G17+G32 -> 0 | H62: =H17+H32 -> 0 | I62: =I17+I32 -> 0 | J62: =J17+J32+J47 -> 0 | K62: =AVERAGE(D62:J62) -> 0
A63: 27 | B63: Cantidad de personal de STAFF RUAG | D63: =D18+D33 -> 0 | E63: =E18+E33 -> 0 | F63: =F18+F33 -> 0 | G63: =G18+G33 -> 0 | H63: =H18+H33 -> 0 | I63: =I18+I33 -> 0 | J63: =J18+J33+J48 -> 0 | K63: =AVERAGE(D63:J63) -> 0
A64: 28 | B64: Cantidad de personal de STAFF SUBCONTRATISTA | D64: =D19+D34 -> 0 | E64: =E19+E34 -> 0 | F64: =F19+F34 -> 0 | G64: =G19+G34 -> 0 | H64: =H19+H34 -> 0 | I64: =I19+I34 -> 0 | J64: =J19+J34+J49 -> 0 | K64: =AVERAGE(D64:J64) -> 0
A65: TOTAL TRABAJADORES RUAG | D65: =D61+D63 -> 0 | E65: =E61+E63 -> 0 | F65: =F61+F63 -> 0 | G65: =G61+G63 -> 0 | H65: =H61+H63 -> 0 | I65: =I61+I63 -> 0 | J65: =J61+J63 -> 0 | K65: =K61+K63 -> 0
A66: TOTAL TRABAJADORES SUBCONTRATISTA | D66: =D62+D64 -> 0 | E66: =E62+E64 -> 0 | F66: =F62+F64 -> 0 | G66: =G62+G64 -> 0 | H66: =H62+H64 -> 0 | I66: =I62+I64 -> 0 | J66: =J62+J64 -> 0 | K66: =K62+K64 -> 0
A67: 29 | B67: Total HH personal Obrero RUAG | D67: =D22+D37+D52 -> 0 | E67: =E22+E37+E52 -> 0 | F67: =F22+F37+F52 -> 0 | G67: =G22+G37+G52 -> 0 | H67: =H22+H37+H52 -> 0 | I67: =I22+I37+I52 -> 0 | J67: =J22+J37+J52 -> 0 | K67: =SUM(D67:J67) -> 0
A68: 30 | B68: Total HH personal Obrero SUBCONTRATISTA | D68: =D23+D38+D53 -> 0 | E68: =E23+E38+E53 -> 0 | F68: =F23+F38+F53 -> 0 | G68: =G23+G38+G53 -> 0 | H68: =H23+H38+H53 -> 0 | I68: =I23+I38+I53 -> 0 | J68: =J23+J38+J53 -> 0 | K68: =SUM(D68:J68) -> 0
A69: 31 | B69: Total HH personal STAFF RUAG | D69: =D24+D39+D54 -> 0 | E69: =E24+E39+E54 -> 0 | F69: =F24+F39+F54 -> 0 | G69: =G24+G39+G54 -> 0 | H69: =H24+H39+H54 -> 0 | I69: =I24+I39+I54 -> 0 | J69: =J24+J39+J54 -> 0 | K69: =SUM(D69:J69) -> 0
A70: 32 | B70: Total HH personal STAFF SUBCONTRATISTA | D70: =D25+D40+D55 -> 0 | E70: =E25+E40+E55 -> 0 | F70: =F25+F40+F55 -> 0 | G70: =G25+G40+G55 -> 0 | H70: =H25+H40+H55 -> 0 | I70: =I25+I40+I55 -> 0 | J70: =J25+J40+J55 -> 0 | K70: =SUM(D70:J70) -> 0
A71: TOTAL HH PRODUCIDAS RUAG | D71: =D67+D69 -> 0 | E71: =E67+E69 -> 0 | F71: =F67+F69 -> 0 | G71: =G67+G69 -> 0 | H71: =H67+H69 -> 0 | I71: =I67+I69 -> 0 | J71: =J67+J69 -> 0 | K71: =K67+K69 -> 0
A72: TOTAL HH PRODUCIDAS SUBCONTRATISTA | D72: =D68+D70 -> 0 | E72: =E68+E70 -> 0 | F72: =F68+F70 -> 0 | G72: =G68+G70 -> 0 | H72: =H68+H70 -> 0 | I72: =I68+I70 -> 0 | J72: =J68+J70 -> 0 | K72: =K68+K70 -> 0
B78: CANTIDAD DE HORAS HOMBRE TRABAJADAS
B79: HORARIO DIURNO | C79: =K26+K27 -> 0
B80: HORARIO NOCTURNO | C80: =K41+K42 -> 0
B81: HORARIO EXTENDIDO | C81: =K56+K57 -> 0
B82: TOTAL | C82: =SUM(C79:C81) -> 0
A84: EMPRESAS SUBCONTRATISTAS | D84: CANTIDAD DE TRABAJADORES
D85: Lunes | E85: Martes | F85: Miércoles | G85: Jueves | H85: Viernes | I85: Sábado | J85: Domingo | K85: TOTAL SEMANAL
D86: =D60 -> 46132 | E86: =E60 -> 46133 | F86: =F60 -> 46134 | G86: =G60 -> 46135 | H86: =H60 -> 46136 | I86: =I60 -> 46137 | J86: =J60 -> 46138
A87: 1 | D87: 0 | E87: 0 | F87: 0 | G87: 0 | H87: 0 | I87: 0 | J87: 0 | K87: =AVERAGE(D87:J87) -> 0
A88: 2 | D88: 0 | E88: 0 | F88: 0 | G88: 0 | H88: 0 | I88: 0 | J88: 0 | K88: =AVERAGE(D88:J88) -> 0
A89: 3 | D89: 0 | E89: 0 | F89: 0 | G89: 0 | H89: 0 | I89: 0 | J89: 0 | K89: =AVERAGE(D89:J89) -> 0
A90: 4 | D90: 0 | E90: 0 | F90: 0 | G90: 0 | H90: 0 | I90: 0 | J90: 0 | K90: =AVERAGE(D90:J90) -> 0
A91: 5 | D91: 0 | E91: 0 | F91: 0 | G91: 0 | H91: 0 | I91: 0 | J91: 0 | K91: =AVERAGE(D91:J91) -> 0
A92: 6 | D92: 0 | E92: 0 | F92: 0 | G92: 0 | H92: 0 | I92: 0 | J92: 0 | K92: =AVERAGE(D92:J92) -> 0
A93: 7 | D93: 0 | E93: 0 | F93: 0 | G93: 0 | H93: 0 | I93: 0 | J93: 0 | K93: =AVERAGE(D93:J93) -> 0
A94: 8 | D94: 0 | E94: 0 | F94: 0 | G94: 0 | H94: 0 | I94: 0 | J94: 0 | K94: =AVERAGE(D94:J94) -> 0
A95: TOTAL TRABAJADORES | D95: =SUM(D87:D94) -> 0 | E95: =SUM(E87:E94) -> 0 | F95: =SUM(F87:F94) -> 0 | G95: =SUM(G87:G94) -> 0 | H95: =SUM(H87:H94) -> 0 | I95: =SUM(I87:I94) -> 0 | J95: =SUM(J87:J94) -> 0 | K95: =SUM(K87:K94) -> 0
A97: CAPACITACIÓN
A99: INFORMACION DE CAPACITACION SSOMA
A100: Fecha | C100: Tipo de capacitación | D100: Tema | G100: Asistentes RUAG | H100: Asistentes SUBCONT | I100: Horas | J100: HHC RUAG | K100: HHC SUBCONT
J101: =G101*I101 -> 0 | K101: =H101*I101 -> 0 | N101: Charla diaria
J102: =G102*I102 -> 0 | K102: =H102*I102 -> 0 | N102: Charla semanal
J103: =G103*I103 -> 0 | K103: =H103*I103 -> 0 | N103: Capacitación específica
J104: =G104*I104 -> 0 | K104: =H104*I104 -> 0
J105: =G105*I105 -> 0 | K105: =H105*I105 -> 0
J106: =G106*I106 -> 0 | K106: =H106*I106 -> 0
J107: =G107*I107 -> 0 | K107: =H107*I107 -> 0
J108: =G108*I108 -> 0 | K108: =H108*I108 -> 0
J109: =G109*I109 -> 0 | K109: =H109*I109 -> 0 | N109: Inducción
J110: =G110*I110 -> 0 | K110: =H110*I110 -> 0
J111: =G111*I111 -> 0 | K111: =H111*I111 -> 0
...

Sheet SEMANA 05
C1: REPORTE ESTADÍSTICO SEMANAL SSOMA | J1: CÓDIGO: | K1: SG-SSOMA-03
J2: REVISIÓN: | K2: 03
J3: FECHA: | K3: 46119
J4: PÁGINA: | K4: 01/06
A6: Obra / Proyecto:
A7: Empresa:
A8: Mes - Año: | G8: Semana N°: | I8: 5
A9: Residente de Obra: | G9: Supervisor SSOMA:
A11: HORAS HOMBRE TRABAJADAS
A13: INFORMACIÓN HHT | D13: TURNO DIURNO
D14: Lunes | E14: Martes | F14: Miércoles | G14: Jueves | H14: Viernes | I14: Sábado | J14: Domingo | K14: TOTAL SEMANAL
D15: ='SEMANA 04'!J15+1 -> 46139 | E15: =D15+1 -> 46140 | F15: =E15+1 -> 46141 | G15: =F15+1 -> 46142
A16: 1 | B16: Cantidad de personal obrero RUAG | D16: 0 | E16: 0 | F16: 0 | G16: 0 | H16: 0 | I16: 0 | J16: 0 | K16: =AVERAGE(D16:G16) -> 0
A17: 2 | B17: Cantidad de personal obrero SUBCONTRATISTA | D17: 0 | E17: 0 | F17: 0 | G17: 0 | H17: 0 | I17: 0 | J17: 0 | K17: =AVERAGE(D17:G17) -> 0
A18: 3 | B18: Cantidad de personal de STAFF RUAG | D18: 0 | E18: 0 | F18: 0 | G18: 0 | H18: 0 | I18: 0 | J18: 0 | K18: =AVERAGE(D18:G18) -> 0
A19: 4 | B19: Cantidad de personal de STAFF SUBCONTRATISTA | D19: 0 | E19: 0 | F19: 0 | G19: 0 | H19: 0 | I19: 0 | J19: 0 | K19: =AVERAGE(D19:G19) -> 0
A20: TOTAL TRABAJADORES RUAG | D20: =D16+D18 -> 0 | E20: =E16+E18 -> 0 | F20: =F16+F18 -> 0 | G20: =G16+G18 -> 0 | H20: =H16+H18 -> 0 | I20: =I16+I18 -> 0 | J20: =J16+J18 -> 0 | K20: =K16+K18 -> 0
A21: TOTAL TRABAJADORES SUBCONTRATISTA | D21: =D17+D19 -> 0 | E21: =E17+E19 -> 0 | F21: =F17+F19 -> 0 | G21: =G17+G19 -> 0 | H21: =H17+H19 -> 0 | I21: =I17+I19 -> 0 | J21: =J17+J19 -> 0 | K21: =K17+K19 -> 0
A22: 5 | B22: Total HH personal Obrero RUAG | D22: =D16*8.5 -> 0 | E22: =E16*8.5 -> 0 | F22: =F16*8.5 -> 0 | G22: =G16*8.5 -> 0 | H22: =H16*8.5 -> 0 | I22: =I16*5.5 -> 0 | J22: =J16*5.5 -> 0 | K22: =SUM(D22:J22) -> 0
A23: 6 | B23: Total HH personal Obrero SUBCONTRATISTA | D23: =D17*8.5 -> 0 | E23: =E17*8.5 -> 0 | F23: =F17*8.5 -> 0 | G23: =G17*8.5 -> 0 | H23: =H17*8.5 -> 0 | I23: =I17*5.5 -> 0 | J23: =J17*5.5 -> 0 | K23: =SUM(D23:J23) -> 0
A24: 7 | B24: Total HH personal STAFF RUAG | D24: =D18*8.5 -> 0 | E24: =E18*8.5 -> 0 | F24: =F18*8.5 -> 0 | G24: =G18*8.5 -> 0 | H24: =H18*8.5 -> 0 | I24: =I18*5.5 -> 0 | J24: =J18*5.5 -> 0 | K24: =SUM(D24:J24) -> 0
A25: 8 | B25: Total HH personal STAFF SUBCONTRATISTA | D25: =D19*8.5 -> 0 | E25: =E19*8.5 -> 0 | F25: =F19*8.5 -> 0 | G25: =G19*8.5 -> 0 | H25: =H19*8.5 -> 0 | I25: =I19*5.5 -> 0 | J25: =J19*5.5 -> 0 | K25: =SUM(D25:J25) -> 0
A26: TOTAL HH PRODUCIDAS RUAG | D26: =D22+D24 -> 0 | E26: =E22+E24 -> 0 | F26: =F22+F24 -> 0 | G26: =G22+G24 -> 0 | H26: =H22+H24 -> 0 | I26: =I22+I24 -> 0 | J26: =J22+J24 -> 0 | K26: =K22+K24 -> 0
A27: TOTAL HH PRODUCIDAS SUBCONTRATISTA | D27: =D23+D25 -> 0 | E27: =E23+E25 -> 0 | F27: =F23+F25 -> 0 | G27: =G23+G25 -> 0 | H27: =H23+H25 -> 0 | I27: =I23+I25 -> 0 | J27: =J23+J25 -> 0 | K27: =K23+K25 -> 0
A28: INFORMACIÓN HHT | D28: TURNO NOCTURNO
D29: Lunes | E29: Martes | F29: Miércoles | G29: Jueves | H29: Viernes | I29: Sábado | J29: Domingo | K29: TOTAL SEMANAL
D30: =D15 -> 46139 | E30: =E15 -> 46140 | F30: =F15 -> 46141 | G30: =G15 -> 46142
A31: 9 | B31: Cantidad de personal obrero RUAG | D31: 0 | E31: 0 | F31: 0 | G31: 0 | H31: 0 | I31: 0 | J31: 0 | K31: =AVERAGE(D31:G31) -> 0
A32: 10 | B32: Cantidad de personal obrero SUBCONTRATISTA | D32: 0 | E32: 0 | F32: 0 | G32: 0 | H32: 0 | I32: 0 | J32: 0 | K32: =AVERAGE(D32:G32) -> 0
A33: 11 | B33: Cantidad de personal de STAFF RUAG | D33: 0 | E33: 0 | F33: 0 | G33: 0 | H33: 0 | I33: 0 | J33: 0 | K33: =AVERAGE(D33:G33) -> 0
A34: 12 | B34: Cantidad de personal de STAFF SUBCONTRATISTA | D34: 0 | E34: 0 | F34: 0 | G34: 0 | H34: 0 | I34: 0 | J34: 0 | K34: =AVERAGE(D34:G34) -> 0
A35: TOTAL TRABAJADORES RUAG | D35: =D31+D33 -> 0 | E35: =E31+E33 -> 0 | F35: =F31+F33 -> 0 | G35: =G31+G33 -> 0 | H35: =H31+H33 -> 0 | I35: =I31+I33 -> 0 | J35: =J31+J33 -> 0 | K35: =K31+K33 -> 0
A36: TOTAL TRABAJADORES SUBCONTRATISTA | D36: =D32+D34 -> 0 | E36: =E32+E34 -> 0 | F36: =F32+F34 -> 0 | G36: =G32+G34 -> 0 | H36: =H32+H34 -> 0 | I36: =I32+I34 -> 0 | J36: =J32+J34 -> 0 | K36: =K32+K34 -> 0
A37: 13 | B37: Total HH personal Obrero RUAG | D37: =D31*8.5 -> 0 | E37: =E31*8.5 -> 0 | F37: =F31*8.5 -> 0 | G37: =G31*8.5 -> 0 | H37: =H31*8.5 -> 0 | I37: =I31*5.5 -> 0 | J37: =J31*5.5 -> 0 | K37: =SUM(D37:J37) -> 0
A38: 14 | B38: Total HH personal Obrero SUBCONTRATISTA | D38: =D32*8.5 -> 0 | E38: =E32*8.5 -> 0 | F38: =F32*8.5 -> 0 | G38: =G32*8.5 -> 0 | H38: =H32*8.5 -> 0 | I38: =I32*5.5 -> 0 | J38: =J32*5.5 -> 0 | K38: =SUM(D38:J38) -> 0
A39: 15 | B39: Total HH personal STAFF RUAG | D39: =D33*8.5 -> 0 | E39: =E33*8.5 -> 0 | F39: =F33*8.5 -> 0 | G39: =G33*8.5 -> 0 | H39: =H33*8.5 -> 0 | I39: =I33*5.5 -> 0 | J39: =J33*5.5 -> 0 | K39: =SUM(D39:J39) -> 0
A40: 16 | B40: Total HH personal STAFF SUBCONTRATISTA | D40: =D34*8.5 -> 0 | E40: =E34*8.5 -> 0 | F40: =F34*8.5 -> 0 | G40: =G34*8.5 -> 0 | H40: =H34*8.5 -> 0 | I40: =I34*5.5 -> 0 | J40: =J34*5.5 -> 0 | K40: =SUM(D40:J40) -> 0
A41: TOTAL HH PRODUCIDAS RUAG | D41: =D37+D39 -> 0 | E41: =E37+E39 -> 0 | F41: =F37+F39 -> 0 | G41: =G37+G39 -> 0 | H41: =H37+H39 -> 0 | I41: =I37+I39 -> 0 | J41: =J37+J39 -> 0 | K41: =K37+K39 -> 0
A42: TOTAL HH PRODUCIDAS SUBCONTRATISTA | D42: =D38+D40 -> 0 | E42: =E38+E40 -> 0 | F42: =F38+F40 -> 0 | G42: =G38+G40 -> 0 | H42: =H38+H40 -> 0 | I42: =I38+I40 -> 0 | J42: =J38+J40 -> 0 | K42: =K38+K40 -> 0
A43: INFORMACIÓN HHT | D43: HORARIO EXTENDIDO
D44: Lunes | E44: Martes | F44: Miércoles | G44: Jueves | H44: Viernes | I44: Sábado | J44: Domingo | K44: TOTAL SEMANAL
D45: =D30 -> 46139 | E45: =E30 -> 46140 | F45: =F30 -> 46141 | G45: =G30 -> 46142
A46: 17 | B46: Cantidad de personal obrero RUAG | D46: 0 | E46: 0 | F46: 0 | G46: 0 | H46: 0 | I46: 0 | J46: 0 | K46: =AVERAGE(D46:G46) -> 0
A47: 18 | B47: Cantidad de personal obrero SUBCONTRATISTA | D47: 0 | E47: 0 | F47: 0 | G47: 0 | H47: 0 | I47: 0 | J47: 0 | K47: =AVERAGE(D47:G47) -> 0
A48: 19 | B48: Cantidad de personal de STAFF RUAG | D48: 0 | E48: 0 | F48: 0 | G48: 0 | H48: 0 | I48: 0 | J48: 0 | K48: =AVERAGE(D48:G48) -> 0
A49: 20 | B49: Cantidad de personal de STAFF SUBCONTRATISTA | D49: 0 | E49: 0 | F49: 0 | G49: 0 | H49: 0 | I49: 0 | J49: 0 | K49: =AVERAGE(D49:G49) -> 0
A50: TOTAL TRABAJADORES RUAG | D50: =D46+D48 -> 0 | E50: =E46+E48 -> 0 | F50: =F46+F48 -> 0 | G50: =G46+G48 -> 0 | H50: =H46+H48 -> 0 | I50: =I46+I48 -> 0 | J50: =J46+J48 -> 0 | K50: =K46+K48 -> 0
A51: TOTAL TRABAJADORES SUBCONTRATISTA | D51: =D47+D49 -> 0 | E51: =E47+E49 -> 0 | F51: =F47+F49 -> 0 | G51: =G47+G49 -> 0 | H51: =H47+H49 -> 0 | I51: =I47+I49 -> 0 | J51: =J47+J49 -> 0 | K51: =K47+K49 -> 0
A52: 21 | B52: Total HH personal Obrero RUAG | D52: =D46*8.5 -> 0 | E52: =E46*8.5 -> 0 | F52: =F46*8.5 -> 0 | G52: =G46*8.5 -> 0 | H52: =H46*8.5 -> 0 | I52: =I46*5.5 -> 0 | J52: =J46*5.5 -> 0 | K52: =SUM(D52:J52) -> 0
A53: 22 | B53: Total HH personal Obrero SUBCONTRATISTA | D53: =D47*8.5 -> 0 | E53: =E47*8.5 -> 0 | F53: =F47*8.5 -> 0 | G53: =G47*8.5 -> 0 | H53: =H47*8.5 -> 0 | I53: =I47*5.5 -> 0 | J53: =J47*5.5 -> 0 | K53: =SUM(D53:J53) -> 0
A54: 23 | B54: Total HH personal STAFF RUAG | D54: =D48*8.5 -> 0 | E54: =E48*8.5 -> 0 | F54: =F48*8.5 -> 0 | G54: =G48*8.5 -> 0 | H54: =H48*8.5 -> 0 | I54: =I48*5.5 -> 0 | J54: =J48*5.5 -> 0 | K54: =SUM(D54:J54) -> 0
A55: 24 | B55: Total HH personal STAFF SUBCONTRATISTA | D55: =D49*8.5 -> 0 | E55: =E49*8.5 -> 0 | F55: =F49*8.5 -> 0 | G55: =G49*8.5 -> 0 | H55: =H49*8.5 -> 0 | I55: =I49*5.5 -> 0 | J55: =J49*5.5 -> 0 | K55: =SUM(D55:J55) -> 0
A56: TOTAL HH PRODUCIDAS RUAG | D56: =D52+D54 -> 0 | E56: =E52+E54 -> 0 | F56: =F52+F54 -> 0 | G56: =G52+G54 -> 0 | H56: =H52+H54 -> 0 | I56: =I52+I54 -> 0 | J56: =J52+J54 -> 0 | K56: =K52+K54 -> 0
A57: TOTAL HH PRODUCIDAS SUBCONTRATISTA | D57: =D53+D55 -> 0 | E57: =E53+E55 -> 0 | F57: =F53+F55 -> 0 | G57: =G53+G55 -> 0 | H57: =H53+H55 -> 0 | I57: =I53+I55 -> 0 | J57: =J53+J55 -> 0 | K57: =K53+K55 -> 0
A58: INFORMACIÓN HHT | D58: RESUMEN
D59: Lunes | E59: Martes | F59: Miércoles | G59: Jueves | H59: Viernes | I59: Sábado | J59: Domingo | K59: TOTAL SEMANAL
D60: =D45 -> 46139 | E60: =E45 -> 46140 | F60: =F45 -> 46141 | G60: =G45 -> 46142
A61: 25 | B61: Cantidad de personal obrero RUAG | D61: =D16+D31 -> 0 | E61: =E16+E31 -> 0 | F61: =F16+F31 -> 0 | G61: =G16+G31 -> 0 | H61: =H16+H31 -> 0 | I61: =I16+I31 -> 0 | J61: =J16+J31+J46 -> 0 | K61: =AVERAGE(D61:G61) -> 0
A62: 26 | B62: Cantidad de personal obrero SUBCONTRATISTA | D62: =D17+D32 -> 0 | E62: =E17+E32 -> 0 | F62: =F17+F32 -> 0 | G62: =G17+G32 -> 0 | H62: =H17+H32 -> 0 | I62: =I17+I32 -> 0 | J62: =J17+J32+J47 -> 0 | K62: =AVERAGE(D62:G62) -> 0
A63: 27 | B63: Cantidad de personal de STAFF RUAG | D63: =D18+D33 -> 0 | E63: =E18+E33 -> 0 | F63: =F18+F33 -> 0 | G63: =G18+G33 -> 0 | H63: =H18+H33 -> 0 | I63: =I18+I33 -> 0 | J63: =J18+J33+J48 -> 0 | K63: =AVERAGE(D63:G63) -> 0
A64: 28 | B64: Cantidad de personal de STAFF SUBCONTRATISTA | D64: =D19+D34 -> 0 | E64: =E19+E34 -> 0 | F64: =F19+F34 -> 0 | G64: =G19+G34 -> 0 | H64: =H19+H34 -> 0 | I64: =I19+I34 -> 0 | J64: =J19+J34+J49 -> 0 | K64: =AVERAGE(D64:G64) -> 0
A65: TOTAL TRABAJADORES RUAG | D65: =D61+D63 -> 0 | E65: =E61+E63 -> 0 | F65: =F61+F63 -> 0 | G65: =G61+G63 -> 0 | H65: =H61+H63 -> 0 | I65: =I61+I63 -> 0 | J65: =J61+J63 -> 0 | K65: =K61+K63 -> 0
A66: TOTAL TRABAJADORES SUBCONTRATISTA | D66: =D62+D64 -> 0 | E66: =E62+E64 -> 0 | F66: =F62+F64 -> 0 | G66: =G62+G64 -> 0 | H66: =H62+H64 -> 0 | I66: =I62+I64 -> 0 | J66: =J62+J64 -> 0 | K66: =K62+K64 -> 0
A67: 29 | B67: Total HH personal Obrero RUAG | D67: =D22+D37+D52 -> 0 | E67: =E22+E37+E52 -> 0 | F67: =F22+F37+F52 -> 0 | G67: =G22+G37+G52 -> 0 | H67: =H22+H37+H52 -> 0 | I67: =I22+I37+I52 -> 0 | J67: =J22+J37+J52 -> 0 | K67: =SUM(D67:J67) -> 0
A68: 30 | B68: Total HH personal Obrero SUBCONTRATISTA | D68: =D23+D38+D53 -> 0 | E68: =E23+E38+E53 -> 0 | F68: =F23+F38+F53 -> 0 | G68: =G23+G38+G53 -> 0 | H68: =H23+H38+H53 -> 0 | I68: =I23+I38+I53 -> 0 | J68: =J23+J38+J53 -> 0 | K68: =SUM(D68:J68) -> 0
A69: 31 | B69: Total HH personal STAFF RUAG | D69: =D24+D39+D54 -> 0 | E69: =E24+E39+E54 -> 0 | F69: =F24+F39+F54 -> 0 | G69: =G24+G39+G54 -> 0 | H69: =H24+H39+H54 -> 0 | I69: =I24+I39+I54 -> 0 | J69: =J24+J39+J54 -> 0 | K69: =SUM(D69:J69) -> 0
A70: 32 | B70: Total HH personal STAFF SUBCONTRATISTA | D70: =D25+D40+D55 -> 0 | E70: =E25+E40+E55 -> 0 | F70: =F25+F40+F55 -> 0 | G70: =G25+G40+G55 -> 0 | H70: =H25+H40+H55 -> 0 | I70: =I25+I40+I55 -> 0 | J70: =J25+J40+J55 -> 0 | K70: =SUM(D70:J70) -> 0
A71: TOTAL HH PRODUCIDAS RUAG | D71: =D67+D69 -> 0 | E71: =E67+E69 -> 0 | F71: =F67+F69 -> 0 | G71: =G67+G69 -> 0 | H71: =H67+H69 -> 0 | I71: =I67+I69 -> 0 | J71: =J67+J69 -> 0 | K71: =K67+K69 -> 0
A72: TOTAL HH PRODUCIDAS SUBCONTRATISTA | D72: =D68+D70 -> 0 | E72: =E68+E70 -> 0 | F72: =F68+F70 -> 0 | G72: =G68+G70 -> 0 | H72: =H68+H70 -> 0 | I72: =I68+I70 -> 0 | J72: =J68+J70 -> 0 | K72: =K68+K70 -> 0
B78: CANTIDAD DE HORAS HOMBRE TRABAJADAS
B79: HORARIO DIURNO | C79: =K26+K27 -> 0
B80: HORARIO NOCTURNO | C80: =K41+K42 -> 0
B81: HORARIO EXTENDIDO | C81: =K56+K57 -> 0
B82: TOTAL | C82: =SUM(C79:C81) -> 0
A84: EMPRESAS SUBCONTRATISTAS | D84: CANTIDAD DE TRABAJADORES
D85: Lunes | E85: Martes | F85: Miércoles | G85: Jueves | H85: Viernes | I85: Sábado | J85: Domingo | K85: TOTAL SEMANAL
D86: =D60 -> 46139 | E86: =E60 -> 46140 | F86: =F60 -> 46141 | G86: =G60 -> 46142
A87: 1 | D87: 0 | E87: 0 | F87: 0 | G87: 0 | H87: 0 | I87: 0 | J87: 0 | K87: =AVERAGE(D87:J87) -> 0
A88: 2 | D88: 0 | E88: 0 | F88: 0 | G88: 0 | H88: 0 | I88: 0 | J88: 0 | K88: =AVERAGE(D88:J88) -> 0
A89: 3 | D89: 0 | E89: 0 | F89: 0 | G89: 0 | H89: 0 | I89: 0 | J89: 0 | K89: =AVERAGE(D89:J89) -> 0
A90: 4 | D90: 0 | E90: 0 | F90: 0 | G90: 0 | H90: 0 | I90: 0 | J90: 0 | K90: =AVERAGE(D90:J90) -> 0
A91: 5 | D91: 0 | E91: 0 | F91: 0 | G91: 0 | H91: 0 | I91: 0 | J91: 0 | K91: =AVERAGE(D91:J91) -> 0
A92: 6 | D92: 0 | E92: 0 | F92: 0 | G92: 0 | H92: 0 | I92: 0 | J92: 0 | K92: =AVERAGE(D92:J92) -> 0
A93: 7 | D93: 0 | E93: 0 | F93: 0 | G93: 0 | H93: 0 | I93: 0 | J93: 0 | K93: =AVERAGE(D93:J93) -> 0
A94: 8 | D94: 0 | E94: 0 | F94: 0 | G94: 0 | H94: 0 | I94: 0 | J94: 0 | K94: =AVERAGE(D94:J94) -> 0
A95: TOTAL TRABAJADORES | D95: =SUM(D87:D94) -> 0 | E95: =SUM(E87:E94) -> 0 | F95: =SUM(F87:F94) -> 0 | G95: =SUM(G87:G94) -> 0 | H95: =SUM(H87:H94) -> 0 | I95: =SUM(I87:I94) -> 0 | J95: =SUM(J87:J94) -> 0 | K95: =SUM(K87:K94) -> 0
A97: CAPACITACIÓN
A99: INFORMACION DE CAPACITACION SSOMA
A100: Fecha | C100: Tipo de capacitación | D100: Tema | G100: Asistentes RUAG | H100: Asistentes SUBCONT | I100: Horas | J100: HHC RUAG | K100: HHC SUBCONT
J101: =G101*I101 -> 0 | K101: =H101*I101 -> 0 | N101: Charla diaria
J102: =G102*I102 -> 0 | K102: =H102*I102 -> 0 | N102: Charla semanal
J103: =G103*I103 -> 0 | K103: =H103*I103 -> 0
J104: =G104*I104 -> 0 | K104: =H104*I104 -> 0
J105: =G105*I105 -> 0 | K105: =H105*I105 -> 0
J106: =G106*I106 -> 0 | K106: =H106*I106 -> 0
J107: =G107*I107 -> 0 | K107: =H107*I107 -> 0
J108: =G108*I108 -> 0 | K108: =H108*I108 -> 0 | N108: Capacitación específica
J109: =G109*I109 -> 0 | K109: =H109*I109 -> 0 | N109: Inducción
J110: =G110*I110 -> 0 | K110: =H110*I110 -> 0
J111: =G111*I111 -> 0 | K111: =H111*I111 -> 0
...

Sheet  CONS
C1: REPORTE ESTADÍSTICO SSOMA MENSUAL | H1: CÓDIGO: | I1: SG-SSOMA-03
H2: REVISIÓN: | I2: 03
H3: FECHA: | I3: 46119
H4: PÁGINA: | I4: 06/06
A5: Obra / Proyecto:
A6: Empresa:
A7: Mes: | C7: ABRIL 2026
A8: CONSOLIDADO
D10: SEMANA 1 | E10: SEMANA 2 | F10: SEMANA 3 | G10: SEMANA 4 | H10: SEMANA 5 | I10: TOTAL MENSUAL
A11: N° | B11: Información
A12: INFORMACIÓN DE HHT
A13: TOTAL TRABAJADORES RUAG | D13: ='SEMANA 01'!K65 -> 0 | E13: ='SEMANA 02'!K65 -> 0 | F13: ='SEMANA 03'!K65 -> 0 | G13: ='SEMANA 04'!K65 -> 0 | H13: ='SEMANA 05'!K65 -> 0 | I13: =MAX(D13:H13) -> 0
A14: TOTAL HH PRODUCIDAS RUAG | D14: ='SEMANA 01'!K71 -> 0 | E14: ='SEMANA 02'!K71 -> 0 | F14: ='SEMANA 03'!K71 -> 0 | G14: ='SEMANA 04'!K71 -> 0 | H14: ='SEMANA 05'!K71 -> 0 | I14: =SUM(D14:H14) -> 0
A15: TOTAL TRABAJADORES SUBCONTRATISTA | D15: ='SEMANA 01'!K66 -> 0 | E15: ='SEMANA 02'!K66 -> 0 | F15: ='SEMANA 03'!K66 -> 0 | G15: ='SEMANA 04'!K66 -> 0 | H15: ='SEMANA 05'!K66 -> 0 | I15: =MAX(D15:H15) -> 0
A16: TOTAL HH PRODUCIDAS SUBCONTRATISTA | D16: ='SEMANA 01'!K72 -> 0 | E16: ='SEMANA 02'!K72 -> 0 | F16: ='SEMANA 03'!K72 -> 0 | G16: ='SEMANA 04'!K72 -> 0 | H16: ='SEMANA 05'!K72 -> 0 | I16: =SUM(D16:H16) -> 0
A17: INFORMACIÓN DE ACCIDENTES
A18: TOTAL ACCIDENTES LEVES | D18: ='SEMANA 01'!K134 -> 0 | E18: ='SEMANA 02'!K134 -> 0 | F18: ='SEMANA 03'!K134 -> 0 | G18: ='SEMANA 04'!K134 -> 0 | H18: ='SEMANA 05'!K134 -> 0 | I18: =SUM(D18:H18) -> 0
A19: TOTAL ACCIDENTES INCAPACITANTES | D19: ='SEMANA 01'!K135 -> 0 | E19: ='SEMANA 02'!K135 -> 0 | F19: ='SEMANA 03'!K135 -> 0 | G19: ='SEMANA 04'!K135 -> 0 | H19: ='SEMANA 05'!K135 -> 0 | I19: =SUM(D19:H19) -> 0
A20: TOTAL ACCIDENTES MORTALES | D20: ='SEMANA 01'!K136 -> 0 | E20: ='SEMANA 02'!K136 -> 0 | F20: ='SEMANA 03'!K136 -> 0 | G20: ='SEMANA 04'!K136 -> 0 | H20: ='SEMANA 05'!K136 -> 0 | I20: =SUM(D20:H20) -> 0
A21: TOTAL DE ACCIDENTES DEL MES | I21: =SUM(I18:I20) -> 0
A22: INFORMACIÓN DE DÍAS PERDIDOS
A23: TOTAL DÍAS PERDIDOS | D23: ='SEMANA 01'!K140 -> 0 | E23: ='SEMANA 02'!K140 -> 0 | F23: ='SEMANA 03'!K140 -> 0 | G23: ='SEMANA 04'!K140 -> 0 | H23: ='SEMANA 05'!K140 -> 0 | I23: =SUM(D23:H23) -> 0
A24: INFORMACIÓN DE INCIDENTES
A25: TOTAL INCIDENTES | D25: ='SEMANA 01'!K144 -> 0 | E25: ='SEMANA 02'!K144 -> 0 | F25: ='SEMANA 03'!K144 -> 0 | G25: ='SEMANA 04'!K144 -> 0 | H25: ='SEMANA 05'!K144 -> 0 | I25: =SUM(D25:H25) -> 0
A26: TOTAL INCIDENTES PELIGROSOS | D26: ='SEMANA 01'!K145 -> 0 | E26: ='SEMANA 02'!K145 -> 0 | F26: ='SEMANA 03'!K145 -> 0 | G26: ='SEMANA 04'!K145 -> 0 | H26: ='SEMANA 05'!K145 -> 0 | I26: =SUM(D26:H26) -> 0
A27: INFORMACIÓN DE AMONESTACIONES
A28: TOTAL AMONESTACIONES RUAG | D28: ='SEMANA 01'!K158 -> 0 | E28: ='SEMANA 02'!K158 -> 0 | F28: ='SEMANA 03'!K158 -> 0 | G28: ='SEMANA 04'!K158 -> 0 | H28: ='SEMANA 05'!K158 -> 0 | I28: =SUM(D28:H28) -> 0
A29: TOTAL AMONESTACIONES SUBCONTRATISTA | D29: ='SEMANA 01'!K159 -> 0 | E29: ='SEMANA 02'!K159 -> 0 | F29: ='SEMANA 03'!K159 -> 0 | G29: ='SEMANA 04'!K159 -> 0 | H29: ='SEMANA 05'!K159 -> 0 | I29: =SUM(D29:H29) -> 0
A30: NÚMERO GENERADO DE DOCUMENTOS DE GESTIÓN
A31: 1 | B31: ATS RUAG | D31: ='SEMANA 01'!K171 -> 0 | E31: ='SEMANA 02'!K171 -> 0 | F31: ='SEMANA 03'!K171 -> 0 | G31: ='SEMANA 04'!K171 -> 0 | H31: ='SEMANA 05'!K171 -> 0 | I31: =SUM(D31:H31) -> 0
A32: 2 | B32: ATS SUBCONTRATISTA | D32: ='SEMANA 01'!K172 -> 0 | E32: ='SEMANA 02'!K172 -> 0 | F32: ='SEMANA 03'!K172 -> 0 | G32: ='SEMANA 04'!K172 -> 0 | H32: ='SEMANA 05'!K172 -> 0 | I32: =SUM(D32:H32) -> 0
A33: 3 | B33: PERMISOS DE TRABAJO EN ALTURA | D33: ='SEMANA 01'!K173 -> 0 | E33: ='SEMANA 02'!K173 -> 0 | F33: ='SEMANA 03'!K173 -> 0 | G33: ='SEMANA 04'!K173 -> 0 | H33: ='SEMANA 05'!K173 -> 0 | I33: =SUM(D33:H33) -> 0
A34: 4 | B34: PERMISOS DE TRABAJO EN ALTURA | D34: ='SEMANA 01'!K174 -> 0 | E34: ='SEMANA 02'!K174 -> 0 | F34: ='SEMANA 03'!K174 -> 0 | G34: ='SEMANA 04'!K174 -> 0 | H34: ='SEMANA 05'!K174 -> 0 | I34: =SUM(D34:H34) -> 0
A35: 5 | B35: PERMISOS DE TRABAJO EN CALIENTE | D35: ='SEMANA 01'!K175 -> 0 | E35: ='SEMANA 02'!K175 -> 0 | F35: ='SEMANA 03'!K175 -> 0 | G35: ='SEMANA 04'!K175 -> 0 | H35: ='SEMANA 05'!K175 -> 0 | I35: =SUM(D35:H35) -> 0
A36: 6 | B36: PERMISOS DE TRABAJO EN CALIENTE | D36: ='SEMANA 01'!K176 -> 0 | E36: ='SEMANA 02'!K176 -> 0 | F36: ='SEMANA 03'!K176 -> 0 | G36: ='SEMANA 04'!K176 -> 0 | H36: ='SEMANA 05'!K176 -> 0 | I36: =SUM(D36:H36) -> 0
A37: 7 | B37: PERMISOS DE HORARIO EXTENDIDO | D37: ='SEMANA 01'!K177 -> 0 | E37: ='SEMANA 02'!K177 -> 0 | F37: ='SEMANA 03'!K177 -> 0 | G37: ='SEMANA 04'!K177 -> 0 | H37: ='SEMANA 05'!K177 -> 0 | I37: =SUM(D37:H37) -> 0
A38: 8 | B38: PERMISOS DE HORARIO EXTENDIDO | D38: ='SEMANA 01'!K178 -> 0 | E38: ='SEMANA 02'!K178 -> 0 | F38: ='SEMANA 03'!K178 -> 0 | G38: ='SEMANA 04'!K178 -> 0 | H38: ='SEMANA 05'!K178 -> 0 | I38: =SUM(D38:H38) -> 0
A39: 9 | D39: =+'SEMANA 01'!K182 -> 0 | E39: ='SEMANA 02'!K179 -> 0 | F39: ='SEMANA 03'!K179 -> 0 | G39: ='SEMANA 04'!K179 -> 0 | H39: ='SEMANA 05'!K179 -> 0 | I39: =SUM(D39:H39) -> 0
A40: 10 | D40: =+'SEMANA 01'!K184 -> 0 | E40: ='SEMANA 02'!K180 -> 0 | F40: ='SEMANA 03'!K180 -> 0 | G40: ='SEMANA 04'!K180 -> 0 | H40: ='SEMANA 05'!K180 -> 0 | I40: =SUM(D40:H40) -> 0
A41: 11 | D41: =+'SEMANA 01'!K185 -> 0 | E41: ='SEMANA 02'!K181 -> 0 | F41: ='SEMANA 03'!K181 -> 0 | G41: ='SEMANA 04'!K181 -> 0 | H41: ='SEMANA 05'!K181 -> 0 | I41: =SUM(D41:H41) -> 0
A42: 12 | D42: =+'SEMANA 01'!K181 -> 0 | E42: ='SEMANA 02'!K182 -> 0 | F42: ='SEMANA 03'!K182 -> 0 | G42: ='SEMANA 04'!K182 -> 0 | H42: ='SEMANA 05'!K182 -> 0 | I42: =SUM(D42:H42) -> 0
A43: TOTAL PERMISOS GENERADOS | D43: =SUM(D31:D42) -> 0 | E43: =SUM(E31:E42) -> 0 | F43: =SUM(F31:F42) -> 0 | G43: =SUM(G31:G42) -> 0 | H43: =SUM(H31:H42) -> 0 | I43: =SUM(D43:H43) -> 0
A44: INSPECCIONES DE SEGURIDAD
A45: TOTAL INSPECCIONES | D45: ='SEMANA 01'!K191 -> 0 | E45: ='SEMANA 02'!K191 -> 0 | F45: ='SEMANA 03'!K191 -> 0 | G45: ='SEMANA 04'!K191 -> 0 | H45: ='SEMANA 05'!K191 -> 0 | I45: =SUM(D45:H45) -> 0
A46: INFORMACIÓN HHC DE CAPACITACIONES SSOMA
A47: CAPACITACIONES RUAG | D47: ='SEMANA 01'!J119 -> 0 | E47: ='SEMANA 02'!J119 -> 0 | F47: ='SEMANA 03'!J119 -> 0 | G47: ='SEMANA 04'!J119 -> 0 | H47: ='SEMANA 05'!J119 -> 0 | I47: =SUM(D47:H47) -> 0
A48: CAPACITACIONES SUBCONTRATISTA | D48: ='SEMANA 01'!K119 -> 0 | E48: ='SEMANA 02'!K119 -> 0 | F48: ='SEMANA 03'!K119 -> 0 | G48: ='SEMANA 04'!K119 -> 0 | H48: ='SEMANA 05'!K119 -> 0 | I48: =SUM(D48:H48) -> 0
A49: TOTAL DE HH CAPACITADAS | D49: =SUM(D47:D48) -> 0 | E49: =SUM(E47:E48) -> 0 | F49: =SUM(F47:F48) -> 0 | G49: =SUM(G47:G48) -> 0 | H49: =SUM(H47:H48) -> 0 | I49: =SUM(D49:H49) -> 0
A50: CANTIDAD DE CAPACITACIONES
A51: CHARLAS DIARIA RUAG | D51: ='SEMANA 01'!D123 -> 0 | E51: ='SEMANA 02'!D123 -> 0 | F51: ='SEMANA 03'!D123 -> 0 | G51: ='SEMANA 04'!D123 -> 0 | H51: ='SEMANA 05'!D123 -> 0 | I51: =SUM(D51:H51) -> 0
A52: CHARLA SEMANAL | D52: ='SEMANA 01'!E123 -> 0 | E52: ='SEMANA 02'!E123 -> 0 | F52: ='SEMANA 03'!E123 -> 0 | G52: ='SEMANA 04'!E123 -> 0 | H52: ='SEMANA 05'!E123 -> 0 | I52: =SUM(D52:H52) -> 0
A53: CAPACITACIÓN ESPECIFICA | D53: ='SEMANA 01'!F123 -> 0 | E53: ='SEMANA 02'!F123 -> 0 | F53: ='SEMANA 03'!F123 -> 0 | G53: ='SEMANA 04'!F123 -> 0 | H53: ='SEMANA 05'!F123 -> 0 | I53: =SUM(D53:H53) -> 0
A54: INDUCCIÓN | D54: ='SEMANA 01'!G123 -> 0 | E54: ='SEMANA 02'!G123 -> 0 | F54: ='SEMANA 03'!G123 -> 0 | G54: ='SEMANA 04'!G123 -> 0 | H54: ='SEMANA 05'!G123 -> 0 | I54: =SUM(D54:H54) -> 0
A56: INDICES DE SEGURIDAD
A57: Índice de Frecuencia (IF) | D57: =IFERROR((I19*1000000)/(I14+I16),0) -> 0
A58: Índice de Severidad (IS) | D58: =IFERROR((I23*1000000)/(I14+I16),0) -> 0
A59: Índice de Accidentabilidad (IA) | D59: =(D57*D58)/1000 -> 0
A60: Índice de Capacitación (IC) | D60: =IFERROR((I49*100)/(I14+I16),0) -> 0
A62: ITEM | C62: Hechos relevantes SSOMA
A63: 1
A64: 2 | B64: 2
A65: 3
A66: 4
A67: 5 | B67: 2
A68: 6
A69: 7
A70: 8 | B70: 2
A71: 9
A72: 10
A73: Relación de accidentes e incidentes :
A74: Empresa | C74: Fecha | D74: Tipo | E74: Nombre del afectado | I74: Descripción del Accidente / Incidente
A80: INFORMACIÓN DE MEDIO AMBIENTE
A81: Consumo eléctrico total del mes en Kwh
A82: Cantidad de Diesel/Gasolina/GLP consumido en el mes en Galones
A83: Consumo de agua potable en m3 durante el mes
A84: Consumo de agua de cisterna en m3 durante el mes
A85: Volumen en m3 de efluentes generados por uso de baños químicos en el mes
A86: Cantidad de residuos no peligrosos generados durante el mes en m3
A87: Cantidad de residuos peligrosos generados durante el mes m3
A89: SEGREGACIÓN DE RESIDUOS SÓLIDOS NO PELIGROSOS
A90: Empresa EO-RS | C90: Tipo de Residuo | F90: Peso (Kg) | H90: Volumen (m3)
A97: SEGREGACIÓN DE RESIDUOS SÓLIDOS PELIGROSOS
A98: Empresa EO-RS | C98: Tipo de Residuo | F98: Peso (Kg) | H98: Volumen (m3)
B113: FIRMA DE SUPERVISOR SSOMA | F113: FIRMA DE RESIDENTE

Sheet Hoja1
C16: Tipos de materiales no peligrosos | D16: Tipos de materiales peligrosos
C17: Plástico | D17: Trapos o waypes con hidrocarburos, pintura u otro producto químico peligroso.
C18: Papel/ cartón | D18: Envases con hidrocarburos, pintura u otro producto químico peligroso.
C19: Metal | D19: Toners
C20: Vidrio | D20: Tintas
C21: Orgánico | D21: Fluorescentes
C22: Telas | D22: Focos ahorradores
C23: Desmonte | D23: Pilas
C24: Residuos de baño | D24: Baterías
C25: Tecnopor | D25: Residuos Biocontaminados como mascarillas KN95, mascarillas quirúrgicas, mascarillas de tela, guantes de latex, careta facial, residuos de tópico
